INSERT INTO Branch (Branch_id,Branch_city,Branch_postal_code,Assets) VALUES (1,"Chandrapur","W70CN", 260770 );
INSERT INTO Branch (Branch_id,Branch_city,Branch_postal_code,Assets) VALUES (2,"Campitello di Fassa","154098", 844753 );
INSERT INTO Branch (Branch_id,Branch_city,Branch_postal_code,Assets) VALUES (3,"Opgrimbie","80454", 111259 );
INSERT INTO Branch (Branch_id,Branch_city,Branch_postal_code,Assets) VALUES (4,"Güssing","91443", 121821 );
INSERT INTO Branch (Branch_id,Branch_city,Branch_postal_code,Assets) VALUES (5,"Bassano in Teverina","49734", 142984 );
INSERT INTO Branch (Branch_id,Branch_city,Branch_postal_code,Assets) VALUES (6,"Limelette","94829",928116 );
INSERT INTO Branch (Branch_id,Branch_city,Branch_postal_code,Assets) VALUES (7,"Andacollo","241456", 382783 );
INSERT INTO Branch (Branch_id,Branch_city,Branch_postal_code,Assets) VALUES (8,"Plancenoit","9808 WM", 488658 );
INSERT INTO Branch (Branch_id,Branch_city,Branch_postal_code,Assets) VALUES (9,"Beverley","17443", 964961 );
INSERT INTO Branch (Branch_id,Branch_city,Branch_postal_code,Assets) VALUES (10,"Piracicaba","69327", 952549 );
INSERT INTO Branch (Branch_id,Branch_city,Branch_postal_code,Assets) VALUES (11,"Casanova Elvo","9580", 644148 );
INSERT INTO Branch (Branch_id,Branch_city,Branch_postal_code,Assets) VALUES (12,"Airdrie","32-956", 334940 );
INSERT INTO Branch (Branch_id,Branch_city,Branch_postal_code,Assets) VALUES (13,"Castel Giorgio","40918", 775738 );
INSERT INTO Branch (Branch_id,Branch_city,Branch_postal_code,Assets) VALUES (14,"Campina Grande","42-145", 090040 );
INSERT INTO Branch (Branch_id,Branch_city,Branch_postal_code,Assets) VALUES (15,"St. Paul","3259", 161766 );
INSERT INTO Branch (Branch_id,Branch_city,Branch_postal_code,Assets) VALUES (16,"Outremont","85856", 290296 );
INSERT INTO Branch (Branch_id,Branch_city,Branch_postal_code,Assets) VALUES (17,"Windermere","592177", 471241 );
INSERT INTO Branch (Branch_id,Branch_city,Branch_postal_code,Assets) VALUES (18,"Trollhättan","5548", 502925 );
INSERT INTO Branch (Branch_id,Branch_city,Branch_postal_code,Assets) VALUES (19,"Aksehir","9092", 442593 );
INSERT INTO Branch (Branch_id,Branch_city,Branch_postal_code,Assets) VALUES (20,"Sambuca Pistoiese","41901", 653591 );
INSERT INTO Branch (Branch_id,Branch_city,Branch_postal_code,Assets) VALUES (21,"Rocky Mountain House","25707", 886189 );
INSERT INTO Branch (Branch_id,Branch_city,Branch_postal_code,Assets) VALUES (22,"Bally","8948 VR", 090457 );
INSERT INTO Branch (Branch_id,Branch_city,Branch_postal_code,Assets) VALUES (23,"Konstanz","60612", 720590 );
INSERT INTO Branch (Branch_id,Branch_city,Branch_postal_code,Assets) VALUES (24,"Schulen","65323", 660195 );
INSERT INTO Branch (Branch_id,Branch_city,Branch_postal_code,Assets) VALUES (25,"Kemzeke","41763", 170814 );
INSERT INTO Branch (Branch_id,Branch_city,Branch_postal_code,Assets) VALUES (26,"Cambridge Bay","382371", 695723 );
INSERT INTO Branch (Branch_id,Branch_city,Branch_postal_code,Assets) VALUES (27,"Timaukel","8230", 753438 );
INSERT INTO Branch (Branch_id,Branch_city,Branch_postal_code,Assets) VALUES (28,"San Polo d'Enza","W15 7VQ", 071575 );
INSERT INTO Branch (Branch_id,Branch_city,Branch_postal_code,Assets) VALUES (29,"Saint Paul","43248", 468833 );
INSERT INTO Branch (Branch_id,Branch_city,Branch_postal_code,Assets) VALUES (30,"San Juan de Dios","02044", 040269 );
INSERT INTO Branch (Branch_id,Branch_city,Branch_postal_code,Assets) VALUES (31,"Périgueux","39220", 262310 );
INSERT INTO Branch (Branch_id,Branch_city,Branch_postal_code,Assets) VALUES (32,"Palayankottai","51376", 657720 );
INSERT INTO Branch (Branch_id,Branch_city,Branch_postal_code,Assets) VALUES (33,"Bellegem","232560", 764113 );
INSERT INTO Branch (Branch_id,Branch_city,Branch_postal_code,Assets) VALUES (34,"Khanewal","9166 TB", 360740 );
INSERT INTO Branch (Branch_id,Branch_city,Branch_postal_code,Assets) VALUES (35,"Jumet","88591-604", 853632 );
INSERT INTO Branch (Branch_id,Branch_city,Branch_postal_code,Assets) VALUES (36,"Täby","4587", 847053 );
INSERT INTO Branch (Branch_id,Branch_city,Branch_postal_code,Assets) VALUES (37,"San Maurizio Canavese","6696", 244278 );
INSERT INTO Branch (Branch_id,Branch_city,Branch_postal_code,Assets) VALUES (38,"Colwood","50419", 531189 );
INSERT INTO Branch (Branch_id,Branch_city,Branch_postal_code,Assets) VALUES (39,"Leersum","914476", 525386 );
INSERT INTO Branch (Branch_id,Branch_city,Branch_postal_code,Assets) VALUES (40,"Hull","12485", 262383 );
INSERT INTO Branch (Branch_id,Branch_city,Branch_postal_code,Assets) VALUES (41,"Salem","85174", 656790 );
INSERT INTO Branch (Branch_id,Branch_city,Branch_postal_code,Assets) VALUES (42,"Nederhasselt","50391-746", 645933 );
INSERT INTO Branch (Branch_id,Branch_city,Branch_postal_code,Assets) VALUES (43,"San Antonio","9628", 147033 );
INSERT INTO Branch (Branch_id,Branch_city,Branch_postal_code,Assets) VALUES (44,"Dörtyol","724521", 669345 );
INSERT INTO Branch (Branch_id,Branch_city,Branch_postal_code,Assets) VALUES (45,"Huntsville","21306", 367029 );
INSERT INTO Branch (Branch_id,Branch_city,Branch_postal_code,Assets) VALUES (46,"Alloa","40906", 329691 );
INSERT INTO Branch (Branch_id,Branch_city,Branch_postal_code,Assets) VALUES (47,"Opole","5774", 378674 );
INSERT INTO Branch (Branch_id,Branch_city,Branch_postal_code,Assets) VALUES (48,"Castel Volturno","1555", 299721 );
INSERT INTO Branch (Branch_id,Branch_city,Branch_postal_code,Assets) VALUES (49,"Geesthacht","4514", 175763 );
INSERT INTO Branch (Branch_id,Branch_city,Branch_postal_code,Assets) VALUES (50,"Bath","60605","443,280");
INSERT INTO Branch (Branch_id,Branch_city,Branch_postal_code,Assets) VALUES (51,"Montebello sul Sangro","841128", 988790 );
INSERT INTO Branch (Branch_id,Branch_city,Branch_postal_code,Assets) VALUES (52,"Rastatt","303305", 858095 );
INSERT INTO Branch (Branch_id,Branch_city,Branch_postal_code,Assets) VALUES (53,"Molina","67021", 951847 );
INSERT INTO Branch (Branch_id,Branch_city,Branch_postal_code,Assets) VALUES (54,"Rio Verde","524270", 794043 );
INSERT INTO Branch (Branch_id,Branch_city,Branch_postal_code,Assets) VALUES (55,"Llangollen","8682 KJ", 448669 );
INSERT INTO Branch (Branch_id,Branch_city,Branch_postal_code,Assets) VALUES (56,"Oyen","WW5K 1BN", 331794 );
INSERT INTO Branch (Branch_id,Branch_city,Branch_postal_code,Assets) VALUES (57,"Pierrefonds","5381", 622155 );
INSERT INTO Branch (Branch_id,Branch_city,Branch_postal_code,Assets) VALUES (58,"Laramie","23506", 528385 );
INSERT INTO Branch (Branch_id,Branch_city,Branch_postal_code,Assets) VALUES (59,"Wardin","499031", 507691 );
INSERT INTO Branch (Branch_id,Branch_city,Branch_postal_code,Assets) VALUES (60,"Uppingham. Cottesmore","048909", 687232 );
INSERT INTO Branch (Branch_id,Branch_city,Branch_postal_code,Assets) VALUES (61,"Soissons","65129", 442014 );
INSERT INTO Branch (Branch_id,Branch_city,Branch_postal_code,Assets) VALUES (62,"Sherborne","72850-918", 202345 );
INSERT INTO Branch (Branch_id,Branch_city,Branch_postal_code,Assets) VALUES (63,"Cache Creek","4538", 040185 );
INSERT INTO Branch (Branch_id,Branch_city,Branch_postal_code,Assets) VALUES (64,"Norfolk","30270", 000591 );
INSERT INTO Branch (Branch_id,Branch_city,Branch_postal_code,Assets) VALUES (65,"Machelen","79-708", 763701 );
INSERT INTO Branch (Branch_id,Branch_city,Branch_postal_code,Assets) VALUES (66,"Bridlington","31400", 770570 );
INSERT INTO Branch (Branch_id,Branch_city,Branch_postal_code,Assets) VALUES (67,"Essex","X7S 5T4", 923922 );
INSERT INTO Branch (Branch_id,Branch_city,Branch_postal_code,Assets) VALUES (68,"Missoula","3314", 104814 );
INSERT INTO Branch (Branch_id,Branch_city,Branch_postal_code,Assets) VALUES (69,"Durg","75711", 202285 );
INSERT INTO Branch (Branch_id,Branch_city,Branch_postal_code,Assets) VALUES (70,"Houtvenne","5113", 896139 );
INSERT INTO Branch (Branch_id,Branch_city,Branch_postal_code,Assets) VALUES (71,"Guápiles","896450", 264705 );
INSERT INTO Branch (Branch_id,Branch_city,Branch_postal_code,Assets) VALUES (72,"Porto Alegre","467885", 338283 );
INSERT INTO Branch (Branch_id,Branch_city,Branch_postal_code,Assets) VALUES (73,"Westende","1180", 470859 );
INSERT INTO Branch (Branch_id,Branch_city,Branch_postal_code,Assets) VALUES (74,"Tregaron","7887 QO", 470139 );
INSERT INTO Branch (Branch_id,Branch_city,Branch_postal_code,Assets) VALUES (75,"Tiegem","0812",529946);
INSERT INTO Branch (Branch_id,Branch_city,Branch_postal_code,Assets) VALUES (76,"Laarne","70767-507", 511325 );
INSERT INTO Branch (Branch_id,Branch_city,Branch_postal_code,Assets) VALUES (77,"Hay River","487370", 674370 );
INSERT INTO Branch (Branch_id,Branch_city,Branch_postal_code,Assets) VALUES (78,"Çarsamba","190541", 323915 );
INSERT INTO Branch (Branch_id,Branch_city,Branch_postal_code,Assets) VALUES (79,"Völklingen","07949", 346807 );
INSERT INTO Branch (Branch_id,Branch_city,Branch_postal_code,Assets) VALUES (80,"Georgia","R7H 1G4", 033473 );
INSERT INTO Branch (Branch_id,Branch_city,Branch_postal_code,Assets) VALUES (81,"Rostock","42852", 769352 );
INSERT INTO Branch (Branch_id,Branch_city,Branch_postal_code,Assets) VALUES (82,"Schellebelle","73165", 164116 );
INSERT INTO Branch (Branch_id,Branch_city,Branch_postal_code,Assets) VALUES (83,"Gatineau","34158", 255923 );
INSERT INTO Branch (Branch_id,Branch_city,Branch_postal_code,Assets) VALUES (84,"Spruce Grove","69976-834", 123089 );
INSERT INTO Branch (Branch_id,Branch_city,Branch_postal_code,Assets) VALUES (85,"Grande Prairie","80185", 325350 );
INSERT INTO Branch (Branch_id,Branch_city,Branch_postal_code,Assets) VALUES (86,"Cervinara","8103", 905532 );
INSERT INTO Branch (Branch_id,Branch_city,Branch_postal_code,Assets) VALUES (87,"Licantén","54914", 146749 );
INSERT INTO Branch (Branch_id,Branch_city,Branch_postal_code,Assets) VALUES (88,"Dera Ghazi Khan","95339", 626378 );
INSERT INTO Branch (Branch_id,Branch_city,Branch_postal_code,Assets) VALUES (89,"Helchteren","E1N 5V5", 674366 );
INSERT INTO Branch (Branch_id,Branch_city,Branch_postal_code,Assets) VALUES (90,"Vöcklabruck","8119", 359510 );
INSERT INTO Branch (Branch_id,Branch_city,Branch_postal_code,Assets) VALUES (91,"Macul","89-445", 304547 );
INSERT INTO Branch (Branch_id,Branch_city,Branch_postal_code,Assets) VALUES (92,"Dera Ghazi Khan","1393", 572212 );
INSERT INTO Branch (Branch_id,Branch_city,Branch_postal_code,Assets) VALUES (93,"Marystown","52910", 690099 );
INSERT INTO Branch (Branch_id,Branch_city,Branch_postal_code,Assets) VALUES (94,"Murdochville","08845", 661768 );
INSERT INTO Branch (Branch_id,Branch_city,Branch_postal_code,Assets) VALUES (95,"Castri di Lecce","37645", 595189 );
INSERT INTO Branch (Branch_id,Branch_city,Branch_postal_code,Assets) VALUES (96,"Carleton","3469 NI", 028877 );
INSERT INTO Branch (Branch_id,Branch_city,Branch_postal_code,Assets) VALUES (97,"Montjovet","50879", 937055 );
INSERT INTO Branch (Branch_id,Branch_city,Branch_postal_code,Assets) VALUES (98,"Lac Ste. Anne","1813", 415866 );
INSERT INTO Branch (Branch_id,Branch_city,Branch_postal_code,Assets) VALUES (99,"Tiverton","28-505", 640076 );
INSERT INTO Branch (Branch_id,Branch_city,Branch_postal_code,Assets) VALUES (100,"Picton","235330", 148517 );



INSERT INTO Employees (Employees_id,Employees_city,Employees_postal_code,Employees_email,Employees_phone) VALUES (1,"Prince Albert","5134","enim.Mauris@lacus.net","(935) 579-5964");
INSERT INTO Employees (Employees_id,Employees_city,Employees_postal_code,Employees_email,Employees_phone) VALUES (2,"Faizabad","39806","enim.Etiam@loremutaliquam.net","(599) 132-0784");
INSERT INTO Employees (Employees_id,Employees_city,Employees_postal_code,Employees_email,Employees_phone) VALUES (3,"Wekweti","QJ8Q 9TT","Curabitur@maurisipsum.edu","(387) 951-9272");
INSERT INTO Employees (Employees_id,Employees_city,Employees_postal_code,Employees_email,Employees_phone) VALUES (4,"Fort Smith","B6A 3M0","dictum@justoeu.edu","(561) 575-9210");
INSERT INTO Employees (Employees_id,Employees_city,Employees_postal_code,Employees_email,Employees_phone) VALUES (5,"Green Bay","81-418","sagittis.augue@Etiamlaoreet.com","(980) 405-8995");
INSERT INTO Employees (Employees_id,Employees_city,Employees_postal_code,Employees_email,Employees_phone) VALUES (6,"Hunstanton","06-315","magna.a@ridiculusmus.ca","(837) 531-4455");
INSERT INTO Employees (Employees_id,Employees_city,Employees_postal_code,Employees_email,Employees_phone) VALUES (7,"Sylvan Lake","4946","ultrices.posuere@maurisipsumporta.edu","(296) 345-4317");
INSERT INTO Employees (Employees_id,Employees_city,Employees_postal_code,Employees_email,Employees_phone) VALUES (8,"Macduff","5617","ultrices@Nuncuterat.net","(268) 213-7897");
INSERT INTO Employees (Employees_id,Employees_city,Employees_postal_code,Employees_email,Employees_phone) VALUES (9,"Dieppe","98572","vitae.risus.Duis@massaMauris.com","(280) 584-1141");
INSERT INTO Employees (Employees_id,Employees_city,Employees_postal_code,Employees_email,Employees_phone) VALUES (10,"Morrinsville","107036","amet.ornare@urna.edu","(753) 425-3287");
INSERT INTO Employees (Employees_id,Employees_city,Employees_postal_code,Employees_email,Employees_phone) VALUES (11,"Florenville","FB0V 6KB","magna.malesuada@urnaet.co.uk","(658) 356-4016");
INSERT INTO Employees (Employees_id,Employees_city,Employees_postal_code,Employees_email,Employees_phone) VALUES (12,"Marke","46-562","ante.Maecenas.mi@velturpis.com","(394) 208-6005");
INSERT INTO Employees (Employees_id,Employees_city,Employees_postal_code,Employees_email,Employees_phone) VALUES (13,"Rendsburg","698115","Quisque.purus@tellusPhasellus.com","(261) 722-0889");
INSERT INTO Employees (Employees_id,Employees_city,Employees_postal_code,Employees_email,Employees_phone) VALUES (14,"Fallais","797434","Integer@facilisismagna.com","(909) 166-0770");
INSERT INTO Employees (Employees_id,Employees_city,Employees_postal_code,Employees_email,Employees_phone) VALUES (15,"Pellizzano","4813 VK","cursus.purus@etpede.ca","(981) 378-8736");
INSERT INTO Employees (Employees_id,Employees_city,Employees_postal_code,Employees_email,Employees_phone) VALUES (16,"Kirkby Lonsdale","4470","torquent.per@vestibulumneque.ca","(892) 730-0429");
INSERT INTO Employees (Employees_id,Employees_city,Employees_postal_code,Employees_email,Employees_phone) VALUES (17,"Piana degli Albanesi","1247","eget.tincidunt.dui@velvulputate.ca","(653) 844-1670");
INSERT INTO Employees (Employees_id,Employees_city,Employees_postal_code,Employees_email,Employees_phone) VALUES (18,"LiŽge","063514","Donec.egestas@magnaSedeu.com","(724) 477-5313");
INSERT INTO Employees (Employees_id,Employees_city,Employees_postal_code,Employees_email,Employees_phone) VALUES (19,"Bersillies-l'Abbaye","Z14 3QN","dolor.Donec@purusaccumsan.edu","(314) 166-9615");
INSERT INTO Employees (Employees_id,Employees_city,Employees_postal_code,Employees_email,Employees_phone) VALUES (20,"Woodlands County","42710","lectus.ante@nislsemconsequat.org","(942) 687-6166");
INSERT INTO Employees (Employees_id,Employees_city,Employees_postal_code,Employees_email,Employees_phone) VALUES (21,"Daska","30319","rhoncus.id.mollis@nullamagnamalesuada.org","(585) 392-1229");
INSERT INTO Employees (Employees_id,Employees_city,Employees_postal_code,Employees_email,Employees_phone) VALUES (22,"Anand","KU58 8MH","nec.tempus@semper.com","(929) 204-6938");
INSERT INTO Employees (Employees_id,Employees_city,Employees_postal_code,Employees_email,Employees_phone) VALUES (23,"Niort","592012","Duis@Phasellus.co.uk","(160) 346-0237");
INSERT INTO Employees (Employees_id,Employees_city,Employees_postal_code,Employees_email,Employees_phone) VALUES (24,"Blevio","30710","nisi@nonsollicitudina.org","(491) 477-4993");
INSERT INTO Employees (Employees_id,Employees_city,Employees_postal_code,Employees_email,Employees_phone) VALUES (25,"Multan","92665","mauris.Integer@quisaccumsanconvallis.co.uk","(933) 104-7339");
INSERT INTO Employees (Employees_id,Employees_city,Employees_postal_code,Employees_email,Employees_phone) VALUES (26,"Stirling","790188","arcu.Nunc.mauris@musProinvel.co.uk","(486) 985-2195");
INSERT INTO Employees (Employees_id,Employees_city,Employees_postal_code,Employees_email,Employees_phone) VALUES (27,"Adoni","R3P 8A0","dapibus.id@egetvolutpat.edu","(598) 566-7549");
INSERT INTO Employees (Employees_id,Employees_city,Employees_postal_code,Employees_email,Employees_phone) VALUES (28,"Jacksonville","4865 OL","ante.Maecenas.mi@dui.ca","(733) 402-3694");
INSERT INTO Employees (Employees_id,Employees_city,Employees_postal_code,Employees_email,Employees_phone) VALUES (29,"Merchtem","2623 GP","consectetuer.euismod@nisiCumsociis.edu","(320) 553-9880");
INSERT INTO Employees (Employees_id,Employees_city,Employees_postal_code,Employees_email,Employees_phone) VALUES (30,"San Rafael","5253","varius.orci@sitametfaucibus.co.uk","(426) 497-9202");
INSERT INTO Employees (Employees_id,Employees_city,Employees_postal_code,Employees_email,Employees_phone) VALUES (31,"Saint-Laurent","4891","eu@cubiliaCuraeDonec.edu","(889) 707-7565");
INSERT INTO Employees (Employees_id,Employees_city,Employees_postal_code,Employees_email,Employees_phone) VALUES (32,"Kailua","79408","dui@semperNamtempor.edu","(301) 517-0257");
INSERT INTO Employees (Employees_id,Employees_city,Employees_postal_code,Employees_email,Employees_phone) VALUES (33,"Islahiye","3260","quis.tristique@Integersemelit.ca","(911) 434-2632");
INSERT INTO Employees (Employees_id,Employees_city,Employees_postal_code,Employees_email,Employees_phone) VALUES (34,"Gießen","Q8M 8QN","ac.ipsum@natoque.net","(255) 159-0033");
INSERT INTO Employees (Employees_id,Employees_city,Employees_postal_code,Employees_email,Employees_phone) VALUES (35,"Portigliola","90935","sollicitudin.a@nequeNullamnisl.ca","(677) 741-7239");
INSERT INTO Employees (Employees_id,Employees_city,Employees_postal_code,Employees_email,Employees_phone) VALUES (36,"Mobile","91036","ullamcorper.magna.Sed@auctornuncnulla.com","(845) 376-6686");
INSERT INTO Employees (Employees_id,Employees_city,Employees_postal_code,Employees_email,Employees_phone) VALUES (37,"Eberswalde-Finow","10246","metus@eu.ca","(802) 651-9510");
INSERT INTO Employees (Employees_id,Employees_city,Employees_postal_code,Employees_email,Employees_phone) VALUES (38,"Kobbegem","77805","Aenean.eget.metus@Proinsedturpis.co.uk","(132) 944-9660");
INSERT INTO Employees (Employees_id,Employees_city,Employees_postal_code,Employees_email,Employees_phone) VALUES (39,"Torgny","6822","Phasellus.vitae.mauris@sitamet.net","(224) 152-8993");
INSERT INTO Employees (Employees_id,Employees_city,Employees_postal_code,Employees_email,Employees_phone) VALUES (40,"Mjölby","I3 5ZF","vehicula.aliquet@nascetur.ca","(791) 141-4952");
INSERT INTO Employees (Employees_id,Employees_city,Employees_postal_code,Employees_email,Employees_phone) VALUES (41,"Winnipeg","71689","Etiam@Quisqueliberolacus.co.uk","(966) 426-2279");
INSERT INTO Employees (Employees_id,Employees_city,Employees_postal_code,Employees_email,Employees_phone) VALUES (42,"Hornsea","113199","id@etmagnis.co.uk","(623) 762-9032");
INSERT INTO Employees (Employees_id,Employees_city,Employees_postal_code,Employees_email,Employees_phone) VALUES (43,"Kaiserslauter","38585","a@Sed.org","(366) 507-0681");
INSERT INTO Employees (Employees_id,Employees_city,Employees_postal_code,Employees_email,Employees_phone) VALUES (44,"McCallum","65591","Vivamus.sit@arcuacorci.com","(561) 903-6205");
INSERT INTO Employees (Employees_id,Employees_city,Employees_postal_code,Employees_email,Employees_phone) VALUES (45,"Gbongan","602575","Nunc@Ut.com","(863) 603-4138");
INSERT INTO Employees (Employees_id,Employees_city,Employees_postal_code,Employees_email,Employees_phone) VALUES (46,"Kingston","65465","varius@IncondimentumDonec.com","(773) 516-1688");
INSERT INTO Employees (Employees_id,Employees_city,Employees_postal_code,Employees_email,Employees_phone) VALUES (47,"Olcenengo","477734","Cras.vehicula.aliquet@Phasellusinfelis.edu","(221) 621-4216");
INSERT INTO Employees (Employees_id,Employees_city,Employees_postal_code,Employees_email,Employees_phone) VALUES (48,"Manukau","00663","ornare.placerat.orci@antelectus.org","(674) 772-9505");
INSERT INTO Employees (Employees_id,Employees_city,Employees_postal_code,Employees_email,Employees_phone) VALUES (49,"Fort Collins","246154","tellus@sed.edu","(899) 984-4893");
INSERT INTO Employees (Employees_id,Employees_city,Employees_postal_code,Employees_email,Employees_phone) VALUES (50,"Cartagena","9314","ac.mattis.velit@risusMorbi.net","(246) 788-5154");
INSERT INTO Employees (Employees_id,Employees_city,Employees_postal_code,Employees_email,Employees_phone) VALUES (51,"Derby","01305","Ut.semper@dolor.co.uk","(801) 841-8145");
INSERT INTO Employees (Employees_id,Employees_city,Employees_postal_code,Employees_email,Employees_phone) VALUES (52,"Mundare","669261","libero@orci.edu","(912) 837-0002");
INSERT INTO Employees (Employees_id,Employees_city,Employees_postal_code,Employees_email,Employees_phone) VALUES (53,"Fort Worth","83644","mollis@fringillacursus.ca","(960) 263-2341");
INSERT INTO Employees (Employees_id,Employees_city,Employees_postal_code,Employees_email,Employees_phone) VALUES (54,"Savannah","85831","massa.lobortis.ultrices@duiquis.ca","(438) 452-1227");
INSERT INTO Employees (Employees_id,Employees_city,Employees_postal_code,Employees_email,Employees_phone) VALUES (55,"Sint-Genesius-Rode","9908","est.Nunc.ullamcorper@maurisipsum.net","(225) 448-0730");
INSERT INTO Employees (Employees_id,Employees_city,Employees_postal_code,Employees_email,Employees_phone) VALUES (56,"Cunco","20060-755","aliquam.enim@felis.net","(368) 830-0027");
INSERT INTO Employees (Employees_id,Employees_city,Employees_postal_code,Employees_email,Employees_phone) VALUES (57,"Livorno","11849","lorem.ut@taciti.ca","(752) 760-6247");
INSERT INTO Employees (Employees_id,Employees_city,Employees_postal_code,Employees_email,Employees_phone) VALUES (58,"Leduc","413313","id@tincidunt.org","(865) 455-6840");
INSERT INTO Employees (Employees_id,Employees_city,Employees_postal_code,Employees_email,Employees_phone) VALUES (59,"Jerzu","83028","Sed.eget.lacus@ipsumdolor.ca","(252) 899-0619");
INSERT INTO Employees (Employees_id,Employees_city,Employees_postal_code,Employees_email,Employees_phone) VALUES (60,"Westrem","510445","Cras@ipsumleoelementum.com","(141) 806-2398");
INSERT INTO Employees (Employees_id,Employees_city,Employees_postal_code,Employees_email,Employees_phone) VALUES (61,"Mercedes","08038","sit@euarcu.com","(659) 868-9193");
INSERT INTO Employees (Employees_id,Employees_city,Employees_postal_code,Employees_email,Employees_phone) VALUES (62,"Folx-les-Caves","1898","justo.Proin.non@tincidunt.com","(142) 906-5552");
INSERT INTO Employees (Employees_id,Employees_city,Employees_postal_code,Employees_email,Employees_phone) VALUES (63,"Hay River","0954","metus.eu.erat@iaculislacuspede.edu","(536) 699-5269");
INSERT INTO Employees (Employees_id,Employees_city,Employees_postal_code,Employees_email,Employees_phone) VALUES (64,"Sart-Eustache","721869","sed.leo.Cras@parturientmontesnascetur.edu","(935) 369-1465");
INSERT INTO Employees (Employees_id,Employees_city,Employees_postal_code,Employees_email,Employees_phone) VALUES (65,"Chastre-Villeroux-Blanmont","627353","nisi@ipsum.net","(186) 717-1108");
INSERT INTO Employees (Employees_id,Employees_city,Employees_postal_code,Employees_email,Employees_phone) VALUES (66,"Grand Falls","357891","Aenean@liberoProin.org","(206) 881-4444");
INSERT INTO Employees (Employees_id,Employees_city,Employees_postal_code,Employees_email,Employees_phone) VALUES (67,"Großpetersdorf","306566","sit.amet.dapibus@adipiscingelitCurabitur.ca","(859) 239-8039");
INSERT INTO Employees (Employees_id,Employees_city,Employees_postal_code,Employees_email,Employees_phone) VALUES (68,"North Cowichan","2612","ut.aliquam.iaculis@Donecporttitor.com","(784) 559-4433");
INSERT INTO Employees (Employees_id,Employees_city,Employees_postal_code,Employees_email,Employees_phone) VALUES (69,"Gorakhpur","22681","Pellentesque.habitant.morbi@Mauris.net","(946) 370-0156");
INSERT INTO Employees (Employees_id,Employees_city,Employees_postal_code,Employees_email,Employees_phone) VALUES (70,"Spittal an der Drau","23416-224","est.mollis.non@eleifend.co.uk","(865) 307-6299");
INSERT INTO Employees (Employees_id,Employees_city,Employees_postal_code,Employees_email,Employees_phone) VALUES (71,"Baltimore","E6L 7B9","ipsum.Suspendisse@elementumlorem.net","(248) 531-0189");
INSERT INTO Employees (Employees_id,Employees_city,Employees_postal_code,Employees_email,Employees_phone) VALUES (72,"Jaipur","7002 ZX","nec@Donecest.net","(870) 608-2980");
INSERT INTO Employees (Employees_id,Employees_city,Employees_postal_code,Employees_email,Employees_phone) VALUES (73,"Sherbrooke","25688","Quisque.varius@laoreet.org","(424) 551-9519");
INSERT INTO Employees (Employees_id,Employees_city,Employees_postal_code,Employees_email,Employees_phone) VALUES (74,"Ilhéus","9724","In.tincidunt@elitAliquamauctor.com","(111) 268-2498");
INSERT INTO Employees (Employees_id,Employees_city,Employees_postal_code,Employees_email,Employees_phone) VALUES (75,"Bath","749993","enim.gravida.sit@aliquetsem.edu","(721) 632-0012");
INSERT INTO Employees (Employees_id,Employees_city,Employees_postal_code,Employees_email,Employees_phone) VALUES (76,"Grey County","4762","Quisque.ornare.tortor@semsempererat.org","(724) 533-6329");
INSERT INTO Employees (Employees_id,Employees_city,Employees_postal_code,Employees_email,Employees_phone) VALUES (77,"Kearney","523956","mauris.ipsum@nulla.net","(640) 151-9578");
INSERT INTO Employees (Employees_id,Employees_city,Employees_postal_code,Employees_email,Employees_phone) VALUES (78,"Richards","6683 BX","massa.non@atortor.com","(778) 907-1114");
INSERT INTO Employees (Employees_id,Employees_city,Employees_postal_code,Employees_email,Employees_phone) VALUES (79,"Bella","S0W 1K8","urna@sociisnatoque.org","(258) 406-8193");
INSERT INTO Employees (Employees_id,Employees_city,Employees_postal_code,Employees_email,Employees_phone) VALUES (80,"Los Sauces","73204","facilisis@Proinultrices.co.uk","(786) 572-5140");
INSERT INTO Employees (Employees_id,Employees_city,Employees_postal_code,Employees_email,Employees_phone) VALUES (81,"Lauterach","27604","Praesent@ac.ca","(600) 155-1554");
INSERT INTO Employees (Employees_id,Employees_city,Employees_postal_code,Employees_email,Employees_phone) VALUES (82,"Rouyn-Noranda","3382","ornare@arcu.org","(304) 743-5192");
INSERT INTO Employees (Employees_id,Employees_city,Employees_postal_code,Employees_email,Employees_phone) VALUES (83,"Waver","05874","amet.luctus@sempertellusid.net","(829) 125-6173");
INSERT INTO Employees (Employees_id,Employees_city,Employees_postal_code,Employees_email,Employees_phone) VALUES (84,"VTM","42539","ut.erat@elit.edu","(295) 597-8190");
INSERT INTO Employees (Employees_id,Employees_city,Employees_postal_code,Employees_email,Employees_phone) VALUES (85,"Glendale","372494","viverra.Maecenas.iaculis@augueeu.edu","(939) 886-0545");
INSERT INTO Employees (Employees_id,Employees_city,Employees_postal_code,Employees_email,Employees_phone) VALUES (86,"Lokeren","8761","ut.eros.non@nequeSedeget.co.uk","(562) 305-9499");
INSERT INTO Employees (Employees_id,Employees_city,Employees_postal_code,Employees_email,Employees_phone) VALUES (87,"Baden-Baden","18367","Donec.fringilla.Donec@erosturpisnon.edu","(892) 182-0877");
INSERT INTO Employees (Employees_id,Employees_city,Employees_postal_code,Employees_email,Employees_phone) VALUES (88,"Profondeville","182216","Cras.pellentesque.Sed@atarcuVestibulum.com","(638) 705-0321");
INSERT INTO Employees (Employees_id,Employees_city,Employees_postal_code,Employees_email,Employees_phone) VALUES (89,"Moorsel","26050","ligula.tortor.dictum@non.ca","(294) 911-1826");
INSERT INTO Employees (Employees_id,Employees_city,Employees_postal_code,Employees_email,Employees_phone) VALUES (90,"Lebbeke","429425","Sed@arcuMorbi.co.uk","(663) 304-2041");
INSERT INTO Employees (Employees_id,Employees_city,Employees_postal_code,Employees_email,Employees_phone) VALUES (91,"Canmore","66-829","ornare@ataugue.edu","(440) 476-4307");
INSERT INTO Employees (Employees_id,Employees_city,Employees_postal_code,Employees_email,Employees_phone) VALUES (92,"Mazzano Romano","15293","nascetur@Etiamlaoreetlibero.org","(861) 832-9073");
INSERT INTO Employees (Employees_id,Employees_city,Employees_postal_code,Employees_email,Employees_phone) VALUES (93,"Zwickau","87243","nec.luctus@estac.net","(887) 650-6592");
INSERT INTO Employees (Employees_id,Employees_city,Employees_postal_code,Employees_email,Employees_phone) VALUES (94,"Te Puke","66469","enim.Etiam.imperdiet@loremsemperauctor.org","(615) 666-2785");
INSERT INTO Employees (Employees_id,Employees_city,Employees_postal_code,Employees_email,Employees_phone) VALUES (95,"West Vancouver","866887","blandit.mattis@dui.ca","(672) 630-4826");
INSERT INTO Employees (Employees_id,Employees_city,Employees_postal_code,Employees_email,Employees_phone) VALUES (96,"Manoppello","86558","Proin.velit@mauris.org","(191) 860-1263");
INSERT INTO Employees (Employees_id,Employees_city,Employees_postal_code,Employees_email,Employees_phone) VALUES (97,"Galmaarden","9878","erat@turpisvitaepurus.com","(932) 191-4301");
INSERT INTO Employees (Employees_id,Employees_city,Employees_postal_code,Employees_email,Employees_phone) VALUES (98,"Gignod","98040","Donec.non.justo@insodaleselit.edu","(680) 898-3874");
INSERT INTO Employees (Employees_id,Employees_city,Employees_postal_code,Employees_email,Employees_phone) VALUES (99,"Leonding","31-805","quis.massa@estac.org","(792) 756-7230");
INSERT INTO Employees (Employees_id,Employees_city,Employees_postal_code,Employees_email,Employees_phone) VALUES (100,"Lakeshore","286281","eu.augue@lectusantedictum.org","(498) 648-7117");



INSERT INTO Customers (customer_id,customer_name,customer_postal_code,customer_city,customer_phone_number) VALUES (1,"Elijah Rocha","216398","Colchester","(819) 409-3923"),(2,"Kelly Thornton","845329","Hastings","(878) 333-7790"),(3,"Jenna Patterson","847178","Pointe-Claire","(720) 995-8969"),(4,"Kim Wilcox","58990","Abolens","(897) 603-0711"),(5,"Felix Irwin","73113","Oostkerke","(994) 998-7761"),(6,"Jolene Barber","101110","Merrickville-Wolford","(389) 953-5179"),(7,"Sopoline Tanner","67785","Lang","(861) 169-1819"),(8,"Megan Price","04523","Palma de Mallorca","(328) 379-6328"),(9,"Martena Walters","60312","Manukau","(582) 275-2549"),(10,"Zane Goodman","26655","Milestone","(778) 323-8643");
INSERT INTO Customers (customer_id,customer_name,customer_postal_code,customer_city,customer_phone_number) VALUES (11,"Rajah Beck","634347","Tillicoultry","(406) 927-6310"),(12,"Daria Oliver","84-764","Lampertheim","(329) 197-1365"),(13,"Odessa Odonnell","92290","Penhold","(401) 776-9598"),(14,"Keegan Velazquez","89963","Rebecq","(609) 800-1881"),(15,"Mufutau Snyder","341758","Paradise","(238) 466-8551"),(16,"Ora Shaffer","73169","Cheltenham","(495) 394-0048"),(17,"India Roman","9825","Huesca","(959) 271-3291"),(18,"Ima Beard","0031 JA","Trevignano Romano","(960) 221-3746"),(19,"Rafael Rollins","9718","Denver","(950) 658-6632"),(20,"Leslie Harrell","K2C 3A1","Guysborough","(497) 450-2847");
INSERT INTO Customers (customer_id,customer_name,customer_postal_code,customer_city,customer_phone_number) VALUES (21,"Jolene George","75029","Nottingham","(105) 379-0434"),(22,"Tana Jones","35-225","Bharatpur","(198) 235-7383"),(23,"Maile Bryant","40209","Strijtem","(936) 130-4818"),(24,"Graham Rodgers","4454","Kanchrapara","(821) 900-0091"),(25,"Brooke Hogan","2541","Curacautín","(247) 681-3353"),(26,"Lewis Puckett","2705","Fort Worth","(690) 968-8726"),(27,"Brock Ayers","10957","Anzegem","(996) 675-9446"),(28,"Ian Gordon","50117","Rance","(824) 853-5444"),(29,"Ethan Hester","3783","Gressoney-Saint-Jean","(641) 345-2592"),(30,"Ciara Vazquez","8392","Ongole","(459) 386-1756");
INSERT INTO Customers (customer_id,customer_name,customer_postal_code,customer_city,customer_phone_number) VALUES (31,"Mona Fischer","3716","Melle","(426) 510-8673"),(32,"Lyle Hodges","86719","Valpelline","(872) 353-3623"),(33,"Daryl Gentry","HJ6 7QZ","Sunshine Coast Regional District","(455) 560-5738"),(34,"Hayden Kirk","21800","Gonnosnò","(428) 493-4124"),(35,"Orlando Stuart","7847","Campolieto","(385) 668-7931"),(36,"Ima Nolan","00775","Maaseik","(555) 959-1309"),(37,"Lucy Strong","62663","Lloydminster","(233) 579-1262"),(38,"Olympia Little","03282","Lloydminster","(498) 786-9159"),(39,"Grant Miller","3588","Cessnock","(721) 126-0692"),(40,"Nigel Koch","128313","Tufo","(910) 522-2240");
INSERT INTO Customers (customer_id,customer_name,customer_postal_code,customer_city,customer_phone_number) VALUES (41,"Nolan Trevino","07747","Oklahoma City","(846) 426-3770"),(42,"Solomon Kent","70497","Pettoranello del Molise","(877) 705-8135"),(43,"Stacey Stewart","81506","Certaldo","(812) 418-4103"),(44,"Chiquita Dunlap","50-661","Zolder","(667) 336-0571"),(45,"Coby Hale","04315","Jabalpur","(602) 332-1154"),(46,"Benedict Park","6038","Göksun","(582) 654-3572"),(47,"Vincent Mooney","C1H 9X5","Belmonte del Sannio","(652) 299-4304"),(48,"Keith Walton","31016","Milnathort","(518) 297-2496"),(49,"Yoshi Riggs","44268-056","Gölcük","(279) 700-4741"),(50,"Daryl Bradshaw","U0 8UH","Medicine Hat","(364) 638-8451");
INSERT INTO Customers (customer_id,customer_name,customer_postal_code,customer_city,customer_phone_number) VALUES (51,"Camden Potts","99018","Lesve","(386) 892-7043"),(52,"Basia Powell","1461","Cercepiccola","(562) 156-5701"),(53,"Dylan Drake","94247","San Rosendo","(347) 192-2220"),(54,"Jesse Kramer","06555-370","Pramaggiore","(931) 390-7287"),(55,"Donna Lynch","A8T 3V8","Sedgewick","(696) 805-3315"),(56,"Xerxes Morin","5199","Brechin","(184) 392-4055"),(57,"Maisie Velazquez","73-948","Genappe","(961) 204-4232"),(58,"Preston Tyson","52224-849","Chetwynd","(484) 924-7693"),(59,"Dustin Owen","4048","Oldenzaal","(672) 159-2566"),(60,"Kenyon Whitney","L1J 1A1","Pemberton","(748) 931-8830");
INSERT INTO Customers (customer_id,customer_name,customer_postal_code,customer_city,customer_phone_number) VALUES (61,"Yoko Oneill","240714","Ponti","(289) 345-8075"),(62,"Ruth Jacobs","16109","Pramaggiore","(542) 194-2919"),(63,"Devin Durham","1505","Tofield","(817) 908-7178"),(64,"Connor Freeman","J5G 4X4","Saint-Prime","(102) 666-5636"),(65,"Jackson Mccarty","91602","Sint-Agatha-Berchem","(971) 298-6615"),(66,"Ava Bailey","7296","Lawton","(745) 813-0647"),(67,"Porter Whitehead","1039","Minneapolis","(275) 926-8344"),(68,"Chaim Fletcher","911761","Clarksville","(401) 565-4154"),(69,"Kristen Powers","93117","Neustadt","(550) 594-3295"),(70,"Tatum Dunn","3202 LS","Linsmeau","(173) 478-7137");
INSERT INTO Customers (customer_id,customer_name,customer_postal_code,customer_city,customer_phone_number) VALUES (71,"Avye Hughes","86312","Cap-Saint-Ignace","(658) 964-0201"),(72,"Christine Michael","9050 GB","Spiere","(292) 188-7082"),(73,"Logan Guthrie","11505","Gibsons","(667) 925-7995"),(74,"Walker May","90-152","Campolieto","(188) 211-2447"),(75,"Quincy Merrill","1197","Londerzeel","(640) 404-9667"),(76,"Bruce Albert","54831","Town of Yarmouth","(370) 106-9472"),(77,"Tucker Middleton","45358-570","Ede","(504) 336-2317"),(78,"Nathan Morales","72-379","Albagiara","(887) 756-3157"),(79,"Jameson Hardin","65748","Alassio","(720) 596-4481"),(80,"Aaron Kim","98370","Calama","(753) 183-3759");
INSERT INTO Customers (customer_id,customer_name,customer_postal_code,customer_city,customer_phone_number) VALUES (81,"Lucius Giles","93469","Luik","(322) 372-7019"),(82,"Elmo Jones","27737","Aubervilliers","(485) 817-6929"),(83,"Iola Wilcox","4322","Ponoka","(133) 876-0639"),(84,"Blaze Cannon","48826-160","MŽlin","(239) 111-0190"),(85,"Linda Langley","8148","Wieze","(869) 649-8709"),(86,"Todd Henson","24530","Corte Brugnatella","(704) 520-1290"),(87,"Lillith Tran","458579","Harrogate","(383) 913-6196"),(88,"Stephen Alexander","1065","Vergnies","(774) 650-7880"),(89,"Natalie Flores","36971","Chandler","(347) 473-5817"),(90,"Bree Hammond","01535","Montague","(761) 630-3409");
INSERT INTO Customers (customer_id,customer_name,customer_postal_code,customer_city,customer_phone_number) VALUES (91,"Lawrence Hartman","51-530","Gaasbeek","(149) 902-8685"),(92,"Arsenio Rogers","76967","Opole","(954) 780-8180"),(93,"Eric Butler","45007","Tirunelveli","(406) 322-1286"),(94,"Cody Higgins","2004","Melipeuco","(346) 843-6606"),(95,"Sharon Blankenship","4506","Mondolfo","(105) 991-8007"),(96,"Veronica Watkins","7724","Subiaco","(783) 341-3178"),(97,"Benedict Richards","261447","Futaleufú","(568) 441-7962"),(98,"Colette Barker","70146","Dalcahue","(525) 287-5869"),(99,"Chanda Blackburn","41847","Lafayette","(323) 108-2926"),(100,"Dominic Rich","99342","Cumbernauld","(872) 109-1259");




INSERT INTO Account (Account_number,Account_type,Balance) VALUES ("5257619508094758","Chequing",4259.56),
("5448722843004308","Chequing", 4092.97 ),("5325797069798682","Chequing", 5466.14 ),("5131618693076903","Chequing", 6991.85 ),("5514915797496509","Chequing", 8109.03 ),
("5211829113115006","Chequing", 8934.34 ),("5580092996377291","Chequing", 2204.86 ),("5440506181877963","Chequing", 8972.99 ),("5493238886007417","Chequing", 5606.47 ),
("5477274730634981", "Chequing",  4554.26 );

INSERT INTO Account (Account_number,Account_type,Balance) VALUES ("5186172962170637","Chequing", 6340.31 ),("5339428975395025","Chequing", 2950.76 ),
("5257640893320228","Chequing", 7512.85 ),("5598456320094791","Chequing", 2591.23 ),("5336755437143780","Chequing", 8196.98 ),("5452579693905239","Chequing", 9976.70 ),
("5454561933105513","Chequing", 5564.53 ),("5417836731474162","Chequing", 1242.68 ),("5476979403273955","Chequing", 6747.54 ),("5371077210374524","Chequing", 5073.30 );

INSERT INTO Account (Account_number,Account_type,Balance) VALUES ("5453753864959395","Chequing", 6724.62 ),("5581858781381055","Chequing", 1949.52 ),
("5379994349182416","Chequing", 4805.20 ),("5406970127950635","Chequing", 6155.39 ),("5258178281457707","Chequing", 5680.71 ),("5470726809308786","Chequing", 2940.93 ),
("5362307999630064","Chequing", 2657.35 ),("5509802212238137","Chequing", 7065.80 ),("5165905942899147","Chequing", 7071.48 ),("5112293069621998","Chequing", 8962.90 );

INSERT INTO Account (Account_number,Account_type,Balance) VALUES ("5500850381326307","Chequing", 7960.03 ),("5490632149342012","Chequing", 8578.24 ),
("5270182139166050","Chequing", 4911.15 ),("5404736313908725","Chequing", 5656.03 ),("5171679546098461","Chequing", 8438.00 ),("5407305778513474","Chequing", 6072.59 ),
("5512310122396529","Chequing", 6455.51 ),("5531309661022311","Chequing", 7663.68 ),("5238660820111734","Chequing", 8975.41 ),("5530631643512775","Chequing", 3243.66 );

INSERT INTO Account (Account_number,Account_type,Balance) VALUES ("5506758464635748","Chequing", 4009.56 ),("5361298637014285","Chequing", 2532.88 ),
("5185388255494820","Chequing", 9023.83 ),("5561170474212488","Chequing", 3625.60 ),("5379443865185007","Chequing", 8619.04 ),("5269073405464068","Chequing", 3093.86 ),
("5272090717211446","Chequing", 6285.72 ),("5482663842918246","Chequing", 2882.78 ),("5371847649446857","Chequing", 2750.54 ),("5326513173978840","Chequing", 9848.78 );




INSERT INTO Account (Account_number,Account_type,Balance) VALUES ("5257619508094758","Saving",4259.56),
("5448722843004308","Saving", 4092.97 ),("5325797069798682","Saving", 5466.14 ),("5131618693076903","Saving", 6991.85 ),("5514915797496509","Saving", 8109.03 ),
("5211829113115006","Saving", 8934.34 ),("5580092996377291","Saving", 2204.86 ),("5440506181877963","Saving", 8972.99 ),("5493238886007417","Saving", 5606.47 ),
("5477274730634981", "Saving",  4554.26 );

INSERT INTO Account (Account_number,Account_type,Balance) VALUES ("5186172962170637","Saving", 6340.31 ),("5339428975395025","Saving", 2950.76 ),
("5257640893320228","Saving", 7512.85 ),("5598456320094791","Saving", 2591.23 ),("5336755437143780","Saving", 8196.98 ),("5452579693905239","Saving", 9976.70 ),
("5454561933105513","Saving", 5564.53 ),("5417836731474162","Saving", 1242.68 ),("5476979403273955","Saving", 6747.54 ),("5371077210374524","Saving", 5073.30 );

INSERT INTO Account (Account_number,Account_type,Balance) VALUES ("5453753864959395","Saving", 6724.62 ),("5581858781381055","Saving", 1949.52 ),
("5379994349182416","Saving", 4805.20 ),("5406970127950635","Saving", 6155.39 ),("5258178281457707","Saving", 5680.71 ),("5470726809308786","Saving", 2940.93 ),
("5362307999630064","Saving", 2657.35 ),("5509802212238137","Saving", 7065.80 ),("5165905942899147","Saving", 7071.48 ),("5112293069621998","Saving", 8962.90 );

INSERT INTO Account (Account_number,Account_type,Balance) VALUES ("5500850381326307","Saving", 7960.03 ),("5490632149342012","Saving", 8578.24 ),
("5270182139166050","Saving", 4911.15 ),("5404736313908725","Saving", 5656.03 ),("5171679546098461","Saving", 8438.00 ),("5407305778513474","Saving", 6072.59 ),
("5512310122396529","Saving", 6455.51 ),("5531309661022311","Saving", 7663.68 ),("5238660820111734","Saving", 8975.41 ),("5530631643512775","Saving", 3243.66 );

INSERT INTO Account (Account_number,Account_type,Balance) VALUES ("5506758464635748","Saving", 4009.56 ),("5361298637014285","Saving", 2532.88 ),
("5185388255494820","Saving", 9023.83 ),("5561170474212488","Saving", 3625.60 ),("5379443865185007","Saving", 8619.04 ),("5269073405464068","Saving", 3093.86 ),
("5272090717211446","Saving", 6285.72 ),("5482663842918246","Saving", 2882.78 ),("5371847649446857","Saving", 2750.54 ),("5326513173978840","Saving", 9848.78 );

INSERT INTO Loan (Loan_id, Amount) VALUES (1,  59179.21 );
INSERT INTO Loan (Loan_id, Amount) VALUES (2,  87060.31 );
INSERT INTO Loan (Loan_id, Amount) VALUES (3,  62780.76 );
INSERT INTO Loan (Loan_id, Amount) VALUES (4,  88512.05 );
INSERT INTO Loan (Loan_id, Amount) VALUES (5,  41527.38 );
INSERT INTO Loan (Loan_id, Amount) VALUES (6,  38194.85 );
INSERT INTO Loan (Loan_id, Amount) VALUES (7,  67337.52 );
INSERT INTO Loan (Loan_id, Amount) VALUES (8,  81440.59 );
INSERT INTO Loan (Loan_id, Amount) VALUES (9,  59576.33 );
INSERT INTO Loan (Loan_id, Amount) VALUES (10,  83284.80 );
INSERT INTO Loan (Loan_id, Amount) VALUES (11,  43876.19 );
INSERT INTO Loan (Loan_id, Amount) VALUES (12,  44689.05 );
INSERT INTO Loan (Loan_id, Amount) VALUES (13,  14393.37 );
INSERT INTO Loan (Loan_id, Amount) VALUES (14,  89546.42 );
INSERT INTO Loan (Loan_id, Amount) VALUES (15,  82427.42 );
INSERT INTO Loan (Loan_id, Amount) VALUES (16,  87752.12 );
INSERT INTO Loan (Loan_id, Amount) VALUES (17,  92235.79 );
INSERT INTO Loan (Loan_id, Amount) VALUES (18,  87360.37 );
INSERT INTO Loan (Loan_id, Amount) VALUES (19,  53597.94 );
INSERT INTO Loan (Loan_id, Amount) VALUES (20,  24138.21 );
INSERT INTO Loan (Loan_id, Amount) VALUES (21,  72537.43 );
INSERT INTO Loan (Loan_id, Amount) VALUES (22,  63069.99 );
INSERT INTO Loan (Loan_id, Amount) VALUES (23,  37520.66 );
INSERT INTO Loan (Loan_id, Amount) VALUES (24,  12496.80 );
INSERT INTO Loan (Loan_id, Amount) VALUES (25,  88745.36 );
INSERT INTO Loan (Loan_id, Amount) VALUES (26,  12221.47 );
INSERT INTO Loan (Loan_id, Amount) VALUES (27,  57313.85 );
INSERT INTO Loan (Loan_id, Amount) VALUES (28,  91414.10 );
INSERT INTO Loan (Loan_id, Amount) VALUES (29,  20337.68 );
INSERT INTO Loan (Loan_id, Amount) VALUES (30,  45422.61 );
INSERT INTO Loan (Loan_id, Amount) VALUES (31,  15049.42 );
INSERT INTO Loan (Loan_id, Amount) VALUES (32,  96917.19 );
INSERT INTO Loan (Loan_id, Amount) VALUES (33,  41399.10 );
INSERT INTO Loan (Loan_id, Amount) VALUES (34,  86076.36 );
INSERT INTO Loan (Loan_id, Amount) VALUES (35,  63301.88 );
INSERT INTO Loan (Loan_id, Amount) VALUES (36,  57845.90 );
INSERT INTO Loan (Loan_id, Amount) VALUES (37,  87249.45 );
INSERT INTO Loan (Loan_id, Amount) VALUES (38,  64669.10 );
INSERT INTO Loan (Loan_id, Amount) VALUES (39,  66608.50 );
INSERT INTO Loan (Loan_id, Amount) VALUES (40,  85615.86 );
INSERT INTO Loan (Loan_id, Amount) VALUES (41,  23720.93 );
INSERT INTO Loan (Loan_id, Amount) VALUES (42,  92009.90 );
INSERT INTO Loan (Loan_id, Amount) VALUES (43,  96144.78 );
INSERT INTO Loan (Loan_id, Amount) VALUES (44,  83525.94 );
INSERT INTO Loan (Loan_id, Amount) VALUES (45,  95621.04 );
INSERT INTO Loan (Loan_id, Amount) VALUES (46,  43225.45 );
INSERT INTO Loan (Loan_id, Amount) VALUES (47,  22848.01 );
INSERT INTO Loan (Loan_id, Amount) VALUES (48,  97094.88 );
INSERT INTO Loan (Loan_id, Amount) VALUES (49,  13696.47 );
INSERT INTO Loan (Loan_id, Amount) VALUES (50,  52780.62 );
INSERT INTO Loan (Loan_id, Amount) VALUES (51,  54168.64 );
INSERT INTO Loan (Loan_id, Amount) VALUES (52,  37677.67 );
INSERT INTO Loan (Loan_id, Amount) VALUES (53,  16222.17 );
INSERT INTO Loan (Loan_id, Amount) VALUES (54,  23946.42 );
INSERT INTO Loan (Loan_id, Amount) VALUES (55,  47409.49 );
INSERT INTO Loan (Loan_id, Amount) VALUES (56,  52119.56 );
INSERT INTO Loan (Loan_id, Amount) VALUES (57,  28001.49 );
INSERT INTO Loan (Loan_id, Amount) VALUES (58,  22714.66 );
INSERT INTO Loan (Loan_id, Amount) VALUES (59,  65154.27 );
INSERT INTO Loan (Loan_id, Amount) VALUES (60,  89295.47 );
INSERT INTO Loan (Loan_id, Amount) VALUES (61,  40093.20 );
INSERT INTO Loan (Loan_id, Amount) VALUES (62,  27968.66 );
INSERT INTO Loan (Loan_id, Amount) VALUES (63,  83990.91 );
INSERT INTO Loan (Loan_id, Amount) VALUES (64,  50530.27 );
INSERT INTO Loan (Loan_id, Amount) VALUES (65,  71901.50 );
INSERT INTO Loan (Loan_id, Amount) VALUES (66,  85943.93 );
INSERT INTO Loan (Loan_id, Amount) VALUES (67,  50286.68 );
INSERT INTO Loan (Loan_id, Amount) VALUES (68,  47050.91 );
INSERT INTO Loan (Loan_id, Amount) VALUES (69,  85964.60 );
INSERT INTO Loan (Loan_id, Amount) VALUES (70,  46071.66 );
INSERT INTO Loan (Loan_id, Amount) VALUES (71,  95310.39 );
INSERT INTO Loan (Loan_id, Amount) VALUES (72,  48389.64 );
INSERT INTO Loan (Loan_id, Amount) VALUES (73,  92734.60 );
INSERT INTO Loan (Loan_id, Amount) VALUES (74,  76665.71 );
INSERT INTO Loan (Loan_id, Amount) VALUES (75,  19273.33 );
INSERT INTO Loan (Loan_id, Amount) VALUES (76,  52523.33 );
INSERT INTO Loan (Loan_id, Amount) VALUES (77,  25564.45 );
INSERT INTO Loan (Loan_id, Amount) VALUES (78,  22654.41 );
INSERT INTO Loan (Loan_id, Amount) VALUES (79,  22504.94 );
INSERT INTO Loan (Loan_id, Amount) VALUES (80,  84937.25 );
INSERT INTO Loan (Loan_id, Amount) VALUES (81,  13004.45 );
INSERT INTO Loan (Loan_id, Amount) VALUES (82,  57365.49 );
INSERT INTO Loan (Loan_id, Amount) VALUES (83,  77292.07 );
INSERT INTO Loan (Loan_id, Amount) VALUES (84,  82614.25 );
INSERT INTO Loan (Loan_id, Amount) VALUES (85,  70370.49 );
INSERT INTO Loan (Loan_id, Amount) VALUES (86,  37469.64 );
INSERT INTO Loan (Loan_id, Amount) VALUES (87,  31342.91 );
INSERT INTO Loan (Loan_id, Amount) VALUES (88,  13899.21 );
INSERT INTO Loan (Loan_id, Amount) VALUES (89,  74337.03 );
INSERT INTO Loan (Loan_id, Amount) VALUES (90,  85976.75 );
INSERT INTO Loan (Loan_id, Amount) VALUES (91,  28667.96 );
INSERT INTO Loan (Loan_id, Amount) VALUES (92,  50156.44 );
INSERT INTO Loan (Loan_id, Amount) VALUES (93,  77211.43 );
INSERT INTO Loan (Loan_id, Amount) VALUES (94,  69629.98 );
INSERT INTO Loan (Loan_id, Amount) VALUES (95,  10495.18 );
INSERT INTO Loan (Loan_id, Amount) VALUES (96,  92926.04 );
INSERT INTO Loan (Loan_id, Amount) VALUES (97,  82091.05 );
INSERT INTO Loan (Loan_id, Amount) VALUES (98,  75490.87 );
INSERT INTO Loan (Loan_id, Amount) VALUES (99,  52890.76 );
INSERT INTO Loan (Loan_id, Amount) VALUES (100,  21641.00 );


INSERT INTO Creditcard (Credit_card_number, Expiry_date, Card_limit) VALUES ('3586301926207224', '17/08/2019',  9446.84 );
INSERT INTO Creditcard (Credit_card_number, Expiry_date, Card_limit) VALUES ('67617959606641786', '19/11/2018',  9586.05 );
INSERT INTO Creditcard (Credit_card_number, Expiry_date, Card_limit) VALUES ('490515825869031147', '02/05/2020',  2444.32 );
INSERT INTO Creditcard (Credit_card_number, Expiry_date, Card_limit) VALUES ('3556893962769501', '13/05/2018',  6665.69 );
INSERT INTO Creditcard (Credit_card_number, Expiry_date, Card_limit) VALUES ('3589578505964666', '16/12/2018',  6158.80 );
INSERT INTO Creditcard (Credit_card_number, Expiry_date, Card_limit) VALUES ('343670955216284', '24/02/2019',  5872.99 );
INSERT INTO Creditcard (Credit_card_number, Expiry_date, Card_limit) VALUES ('5020494330939071889', '16/04/2019',  5772.22 );
INSERT INTO Creditcard (Credit_card_number, Expiry_date, Card_limit) VALUES ('5610370253777513001', '04/07/2018',  2590.84 );
INSERT INTO Creditcard (Credit_card_number, Expiry_date, Card_limit) VALUES ('3538705184808490', '22/08/2018',  2579.24 );
INSERT INTO Creditcard (Credit_card_number, Expiry_date, Card_limit) VALUES ('3549724050293999', '11/09/2018',  1998.56 );
INSERT INTO Creditcard (Credit_card_number, Expiry_date, Card_limit) VALUES ('3551987339912821', '26/07/2018',  9762.63 );
INSERT INTO Creditcard (Credit_card_number, Expiry_date, Card_limit) VALUES ('3575951942030712', '24/04/2018',  9416.69 );
INSERT INTO Creditcard (Credit_card_number, Expiry_date, Card_limit) VALUES ('3589072131583041', '10/08/2018',  1555.80 );
INSERT INTO Creditcard (Credit_card_number, Expiry_date, Card_limit) VALUES ('3581708427862247', '11/07/2019',  3337.66 );
INSERT INTO Creditcard (Credit_card_number, Expiry_date, Card_limit) VALUES ('3539199550287415', '27/08/2020',  1224.56 );
INSERT INTO Creditcard (Credit_card_number, Expiry_date, Card_limit) VALUES ('374622671625316', '16/10/2018',  2428.56 );
INSERT INTO Creditcard (Credit_card_number, Expiry_date, Card_limit) VALUES ('3582771121882217', '03/10/2020',  4847.47 );
INSERT INTO Creditcard (Credit_card_number, Expiry_date, Card_limit) VALUES ('3558897759489635', '07/05/2020',  9854.49 );
INSERT INTO Creditcard (Credit_card_number, Expiry_date, Card_limit) VALUES ('6391087885408733', '06/04/2020',  4576.57 );
INSERT INTO Creditcard (Credit_card_number, Expiry_date, Card_limit) VALUES ('6771606823191018772', '17/05/2020',  6706.49 );
INSERT INTO Creditcard (Credit_card_number, Expiry_date, Card_limit) VALUES ('3545726788215875', '30/03/2020',  1074.54 );
INSERT INTO Creditcard (Credit_card_number, Expiry_date, Card_limit) VALUES ('3544665351208225', '30/06/2019',  2838.59 );
INSERT INTO Creditcard (Credit_card_number, Expiry_date, Card_limit) VALUES ('4844134093413572', '02/09/2018',  1127.53 );
INSERT INTO Creditcard (Credit_card_number, Expiry_date, Card_limit) VALUES ('5018616365167740547', '20/09/2020',  7759.39 );
INSERT INTO Creditcard (Credit_card_number, Expiry_date, Card_limit) VALUES ('3563664748992654', '16/10/2020',  8876.34 );
INSERT INTO Creditcard (Credit_card_number, Expiry_date, Card_limit) VALUES ('6398890567626438', '21/11/2019',  8319.25 );
INSERT INTO Creditcard (Credit_card_number, Expiry_date, Card_limit) VALUES ('5602229970047698', '08/01/2021',  7707.45 );
INSERT INTO Creditcard (Credit_card_number, Expiry_date, Card_limit) VALUES ('201875368507945', '13/03/2021',  4270.04 );
INSERT INTO Creditcard (Credit_card_number, Expiry_date, Card_limit) VALUES ('30559496479386', '19/06/2019',  9605.82 );
INSERT INTO Creditcard (Credit_card_number, Expiry_date, Card_limit) VALUES ('3559412045168768', '30/03/2020',  9290.62 );
INSERT INTO Creditcard (Credit_card_number, Expiry_date, Card_limit) VALUES ('3567438616481173', '02/03/2021',  8365.59 );
INSERT INTO Creditcard (Credit_card_number, Expiry_date, Card_limit) VALUES ('3557793115283096', '14/05/2018',  6855.11 );
INSERT INTO Creditcard (Credit_card_number, Expiry_date, Card_limit) VALUES ('6709914478171977898', '16/11/2020',  4956.29 );
INSERT INTO Creditcard (Credit_card_number, Expiry_date, Card_limit) VALUES ('3574152696263416', '15/09/2019',  3255.59 );
INSERT INTO Creditcard (Credit_card_number, Expiry_date, Card_limit) VALUES ('6370063868333714', '14/05/2019',  3521.46 );
INSERT INTO Creditcard (Credit_card_number, Expiry_date, Card_limit) VALUES ('490509511255800174', '02/08/2019',  5628.77 );
INSERT INTO Creditcard (Credit_card_number, Expiry_date, Card_limit) VALUES ('5602242975729749', '22/06/2020',  2017.96 );
INSERT INTO Creditcard (Credit_card_number, Expiry_date, Card_limit) VALUES ('3568550433255579', '08/04/2018',  7879.36 );
INSERT INTO Creditcard (Credit_card_number, Expiry_date, Card_limit) VALUES ('5173309666516492', '02/01/2021',  3145.56 );
INSERT INTO Creditcard (Credit_card_number, Expiry_date, Card_limit) VALUES ('201954208385950', '09/12/2019',  3617.14 );
INSERT INTO Creditcard (Credit_card_number, Expiry_date, Card_limit) VALUES ('337941642808850', '05/10/2018',  5195.77 );
INSERT INTO Creditcard (Credit_card_number, Expiry_date, Card_limit) VALUES ('3577849504704435', '13/08/2020',  7688.54 );
INSERT INTO Creditcard (Credit_card_number, Expiry_date, Card_limit) VALUES ('4911018194651354', '19/04/2019',  7019.66 );
INSERT INTO Creditcard (Credit_card_number, Expiry_date, Card_limit) VALUES ('3580684629612733', '03/05/2020',  4249.95 );
INSERT INTO Creditcard (Credit_card_number, Expiry_date, Card_limit) VALUES ('3554113575313130', '18/08/2019',  9719.19 );
INSERT INTO Creditcard (Credit_card_number, Expiry_date, Card_limit) VALUES ('4903200952213139463', '22/06/2020',  2144.65 );
INSERT INTO Creditcard (Credit_card_number, Expiry_date, Card_limit) VALUES ('4508657359162522', '05/03/2021',  4442.93 );
INSERT INTO Creditcard (Credit_card_number, Expiry_date, Card_limit) VALUES ('3575049743555811', '31/10/2018',  4167.11 );
INSERT INTO Creditcard (Credit_card_number, Expiry_date, Card_limit) VALUES ('374622319449426', '24/09/2019',  7371.19 );
INSERT INTO Creditcard (Credit_card_number, Expiry_date, Card_limit) VALUES ('5602255576238431', '13/05/2018',  4392.58 );




INSERT INTO Branch_employees (FK_Branch_id,FK_Employees_id) VALUES (53,11),(20,73),(81,41),(85,53),(49,31),(66,73),(95,3),(17,41),(14,23),(13,32);
INSERT INTO Branch_employees (FK_Branch_id,FK_Employees_id) VALUES (94,62),(26,70),(76,43),(13,52),(97,84),(47,56),(69,17),(86,93),(55,6),(46,76);
INSERT INTO Branch_employees (FK_Branch_id,FK_Employees_id) VALUES (97,20),(19,25),(53,60),(38,52),(63,72),(27,92),(94,47),(25,62),(94,88),(51,54);
INSERT INTO Branch_employees (FK_Branch_id,FK_Employees_id) VALUES (96,39),(42,88),(88,49),(54,44),(55,82),(12,12),(16,40),(63,30),(29,58),(27,53);
INSERT INTO Branch_employees (FK_Branch_id,FK_Employees_id) VALUES (80,45),(2,96),(56,20),(53,42),(78,5),(24,41),(5,36),(53,1),(59,50),(51,88);
INSERT INTO Branch_employees (FK_Branch_id,FK_Employees_id) VALUES (21,91),(30,12),(7,76),(54,97),(20,75),(73,76),(64,54),(83,76),(57,12),(27,65);
INSERT INTO Branch_employees (FK_Branch_id,FK_Employees_id) VALUES (80,18),(63,10),(94,34),(39,51),(13,89),(19,42),(89,48),(77,48),(42,60),(95,36);
INSERT INTO Branch_employees (FK_Branch_id,FK_Employees_id) VALUES (9,60),(83,98),(38,93),(39,73),(37,15),(80,4),(14,27),(66,33),(60,88),(3,94);
INSERT INTO Branch_employees (FK_Branch_id,FK_Employees_id) VALUES (96,55),(14,24),(12,71),(7,48),(49,88),(8,67),(11,52),(14,12),(42,87),(97,8);
INSERT INTO Branch_employees (FK_Branch_id,FK_Employees_id) VALUES (59,14),(51,3),(4,14),(74,10),(73,86),(74,94),(30,89),(80,68),(96,58),(45,96);


INSERT INTO Loan_provider_branch (FK_Branch_id,FK_Loan_id,Amount) VALUES (40,62, 3752.09 );
INSERT INTO Loan_provider_branch (FK_Branch_id,FK_Loan_id,Amount) VALUES (83,34, 8290.84 );
INSERT INTO Loan_provider_branch (FK_Branch_id,FK_Loan_id,Amount) VALUES (85,70, 7018.62 );
INSERT INTO Loan_provider_branch (FK_Branch_id,FK_Loan_id,Amount) VALUES (91,80, 3934.21 );
INSERT INTO Loan_provider_branch (FK_Branch_id,FK_Loan_id,Amount) VALUES (14,9, 2969.48 );
INSERT INTO Loan_provider_branch (FK_Branch_id,FK_Loan_id,Amount) VALUES (31,4, 9869.14 );
INSERT INTO Loan_provider_branch (FK_Branch_id,FK_Loan_id,Amount) VALUES (4,94, 8419.85 );
INSERT INTO Loan_provider_branch (FK_Branch_id,FK_Loan_id,Amount) VALUES (85,60, 3550.80 );
INSERT INTO Loan_provider_branch (FK_Branch_id,FK_Loan_id,Amount) VALUES (51,24, 1066.88 );
INSERT INTO Loan_provider_branch (FK_Branch_id,FK_Loan_id,Amount) VALUES (28,28, 1446.46 );
INSERT INTO Loan_provider_branch (FK_Branch_id,FK_Loan_id,Amount) VALUES (82,1, 5041.80 );
INSERT INTO Loan_provider_branch (FK_Branch_id,FK_Loan_id,Amount) VALUES (85,43, 2724.45 );
INSERT INTO Loan_provider_branch (FK_Branch_id,FK_Loan_id,Amount) VALUES (95,17, 9338.73 );
INSERT INTO Loan_provider_branch (FK_Branch_id,FK_Loan_id,Amount) VALUES (15,5, 1484.87 );
INSERT INTO Loan_provider_branch (FK_Branch_id,FK_Loan_id,Amount) VALUES (71,29, 9540.49 );
INSERT INTO Loan_provider_branch (FK_Branch_id,FK_Loan_id,Amount) VALUES (56,82, 7839.11 );
INSERT INTO Loan_provider_branch (FK_Branch_id,FK_Loan_id,Amount) VALUES (17,78, 1997.26 );
INSERT INTO Loan_provider_branch (FK_Branch_id,FK_Loan_id,Amount) VALUES (48,8, 5770.62 );
INSERT INTO Loan_provider_branch (FK_Branch_id,FK_Loan_id,Amount) VALUES (30,28, 7489.55 );
INSERT INTO Loan_provider_branch (FK_Branch_id,FK_Loan_id,Amount) VALUES (31,72, 3804.09 );
INSERT INTO Loan_provider_branch (FK_Branch_id,FK_Loan_id,Amount) VALUES (5,34, 4108.53 );
INSERT INTO Loan_provider_branch (FK_Branch_id,FK_Loan_id,Amount) VALUES (66,24, 1827.38 );
INSERT INTO Loan_provider_branch (FK_Branch_id,FK_Loan_id,Amount) VALUES (46,35, 8642.62 );
INSERT INTO Loan_provider_branch (FK_Branch_id,FK_Loan_id,Amount) VALUES (26,17, 9909.20 );
INSERT INTO Loan_provider_branch (FK_Branch_id,FK_Loan_id,Amount) VALUES (22,62, 5482.62 );
INSERT INTO Loan_provider_branch (FK_Branch_id,FK_Loan_id,Amount) VALUES (12,34, 3557.41 );
INSERT INTO Loan_provider_branch (FK_Branch_id,FK_Loan_id,Amount) VALUES (65,28, 3480.28 );
INSERT INTO Loan_provider_branch (FK_Branch_id,FK_Loan_id,Amount) VALUES (3,12, 2331.55 );
INSERT INTO Loan_provider_branch (FK_Branch_id,FK_Loan_id,Amount) VALUES (40,17, 9959.78 );
INSERT INTO Loan_provider_branch (FK_Branch_id,FK_Loan_id,Amount) VALUES (49,97, 1581.02 );
INSERT INTO Loan_provider_branch (FK_Branch_id,FK_Loan_id,Amount) VALUES (39,72, 4985.49 );
INSERT INTO Loan_provider_branch (FK_Branch_id,FK_Loan_id,Amount) VALUES (76,46, 9122.71 );
INSERT INTO Loan_provider_branch (FK_Branch_id,FK_Loan_id,Amount) VALUES (95,16, 7829.10 );
INSERT INTO Loan_provider_branch (FK_Branch_id,FK_Loan_id,Amount) VALUES (40,100, 4576.14 );
INSERT INTO Loan_provider_branch (FK_Branch_id,FK_Loan_id,Amount) VALUES (5,26, 1230.53 );
INSERT INTO Loan_provider_branch (FK_Branch_id,FK_Loan_id,Amount) VALUES (42,39, 5915.89 );
INSERT INTO Loan_provider_branch (FK_Branch_id,FK_Loan_id,Amount) VALUES (57,61, 4050.20 );
INSERT INTO Loan_provider_branch (FK_Branch_id,FK_Loan_id,Amount) VALUES (2,57, 5527.33 );
INSERT INTO Loan_provider_branch (FK_Branch_id,FK_Loan_id,Amount) VALUES (22,67, 6610.74 );
INSERT INTO Loan_provider_branch (FK_Branch_id,FK_Loan_id,Amount) VALUES (41,89, 1506.16 );
INSERT INTO Loan_provider_branch (FK_Branch_id,FK_Loan_id,Amount) VALUES (52,83, 8479.92 );
INSERT INTO Loan_provider_branch (FK_Branch_id,FK_Loan_id,Amount) VALUES (34,79, 4503.82 );
INSERT INTO Loan_provider_branch (FK_Branch_id,FK_Loan_id,Amount) VALUES (44,43, 9391.74 );
INSERT INTO Loan_provider_branch (FK_Branch_id,FK_Loan_id,Amount) VALUES (51,66, 3043.98 );
INSERT INTO Loan_provider_branch (FK_Branch_id,FK_Loan_id,Amount) VALUES (68,16, 6229.57 );
INSERT INTO Loan_provider_branch (FK_Branch_id,FK_Loan_id,Amount) VALUES (49,34, 2634.36 );
INSERT INTO Loan_provider_branch (FK_Branch_id,FK_Loan_id,Amount) VALUES (64,36, 8144.37 );
INSERT INTO Loan_provider_branch (FK_Branch_id,FK_Loan_id,Amount) VALUES (43,47, 4014.76 );
INSERT INTO Loan_provider_branch (FK_Branch_id,FK_Loan_id,Amount) VALUES (84,31, 8215.95 );
INSERT INTO Loan_provider_branch (FK_Branch_id,FK_Loan_id,Amount) VALUES (72,54, 7953.22 );
INSERT INTO Loan_provider_branch (FK_Branch_id,FK_Loan_id,Amount) VALUES (11,34, 4234.55 );
INSERT INTO Loan_provider_branch (FK_Branch_id,FK_Loan_id,Amount) VALUES (16,48, 7495.23 );
INSERT INTO Loan_provider_branch (FK_Branch_id,FK_Loan_id,Amount) VALUES (43,14, 4358.17 );
INSERT INTO Loan_provider_branch (FK_Branch_id,FK_Loan_id,Amount) VALUES (52,28, 1386.79 );
INSERT INTO Loan_provider_branch (FK_Branch_id,FK_Loan_id,Amount) VALUES (68,28, 7770.46 );
INSERT INTO Loan_provider_branch (FK_Branch_id,FK_Loan_id,Amount) VALUES (50,20, 3519.30 );
INSERT INTO Loan_provider_branch (FK_Branch_id,FK_Loan_id,Amount) VALUES (76,8, 8798.47 );
INSERT INTO Loan_provider_branch (FK_Branch_id,FK_Loan_id,Amount) VALUES (95,20, 1643.04 );
INSERT INTO Loan_provider_branch (FK_Branch_id,FK_Loan_id,Amount) VALUES (9,66, 2165.74 );
INSERT INTO Loan_provider_branch (FK_Branch_id,FK_Loan_id,Amount) VALUES (15,45, 4536.58 );
INSERT INTO Loan_provider_branch (FK_Branch_id,FK_Loan_id,Amount) VALUES (20,8, 9367.65 );
INSERT INTO Loan_provider_branch (FK_Branch_id,FK_Loan_id,Amount) VALUES (69,84, 3885.60 );
INSERT INTO Loan_provider_branch (FK_Branch_id,FK_Loan_id,Amount) VALUES (96,73, 3214.23 );
INSERT INTO Loan_provider_branch (FK_Branch_id,FK_Loan_id,Amount) VALUES (61,81, 4662.50 );
INSERT INTO Loan_provider_branch (FK_Branch_id,FK_Loan_id,Amount) VALUES (85,67, 5323.59 );
INSERT INTO Loan_provider_branch (FK_Branch_id,FK_Loan_id,Amount) VALUES (75,80, 6585.82 );
INSERT INTO Loan_provider_branch (FK_Branch_id,FK_Loan_id,Amount) VALUES (24,53, 2539.33 );
INSERT INTO Loan_provider_branch (FK_Branch_id,FK_Loan_id,Amount) VALUES (59,68, 3705.65 );
INSERT INTO Loan_provider_branch (FK_Branch_id,FK_Loan_id,Amount) VALUES (6,74, 7265.08 );
INSERT INTO Loan_provider_branch (FK_Branch_id,FK_Loan_id,Amount) VALUES (32,91, 6697.04 );
INSERT INTO Loan_provider_branch (FK_Branch_id,FK_Loan_id,Amount) VALUES (32,66, 2753.22 );
INSERT INTO Loan_provider_branch (FK_Branch_id,FK_Loan_id,Amount) VALUES (40,7, 7883.55 );
INSERT INTO Loan_provider_branch (FK_Branch_id,FK_Loan_id,Amount) VALUES (70,88, 7828.32 );
INSERT INTO Loan_provider_branch (FK_Branch_id,FK_Loan_id,Amount) VALUES (22,3, 8705.35 );
INSERT INTO Loan_provider_branch (FK_Branch_id,FK_Loan_id,Amount) VALUES (42,16, 7731.26 );
INSERT INTO Loan_provider_branch (FK_Branch_id,FK_Loan_id,Amount) VALUES (51,21, 5317.90 );
INSERT INTO Loan_provider_branch (FK_Branch_id,FK_Loan_id,Amount) VALUES (71,1, 5986.84 );
INSERT INTO Loan_provider_branch (FK_Branch_id,FK_Loan_id,Amount) VALUES (88,52, 1733.21 );
INSERT INTO Loan_provider_branch (FK_Branch_id,FK_Loan_id,Amount) VALUES (15,98, 8241.91 );
INSERT INTO Loan_provider_branch (FK_Branch_id,FK_Loan_id,Amount) VALUES (67,11, 3217.72 );
INSERT INTO Loan_provider_branch (FK_Branch_id,FK_Loan_id,Amount) VALUES (83,9, 7362.64 );
INSERT INTO Loan_provider_branch (FK_Branch_id,FK_Loan_id,Amount) VALUES (85,27, 3584.61 );
INSERT INTO Loan_provider_branch (FK_Branch_id,FK_Loan_id,Amount) VALUES (69,94, 2374.65 );
INSERT INTO Loan_provider_branch (FK_Branch_id,FK_Loan_id,Amount) VALUES (19,61, 2025.27 );
INSERT INTO Loan_provider_branch (FK_Branch_id,FK_Loan_id,Amount) VALUES (57,52, 3039.50 );
INSERT INTO Loan_provider_branch (FK_Branch_id,FK_Loan_id,Amount) VALUES (43,61, 2629.33 );
INSERT INTO Loan_provider_branch (FK_Branch_id,FK_Loan_id,Amount) VALUES (49,50, 3647.52 );
INSERT INTO Loan_provider_branch (FK_Branch_id,FK_Loan_id,Amount) VALUES (26,15, 4602.81 );
INSERT INTO Loan_provider_branch (FK_Branch_id,FK_Loan_id,Amount) VALUES (72,32, 5559.12 );
INSERT INTO Loan_provider_branch (FK_Branch_id,FK_Loan_id,Amount) VALUES (12,1, 9160.81 );
INSERT INTO Loan_provider_branch (FK_Branch_id,FK_Loan_id,Amount) VALUES (82,90, 3828.62 );
INSERT INTO Loan_provider_branch (FK_Branch_id,FK_Loan_id,Amount) VALUES (56,23, 9735.57 );
INSERT INTO Loan_provider_branch (FK_Branch_id,FK_Loan_id,Amount) VALUES (66,67, 1829.51 );
INSERT INTO Loan_provider_branch (FK_Branch_id,FK_Loan_id,Amount) VALUES (9,12, 6704.49 );
INSERT INTO Loan_provider_branch (FK_Branch_id,FK_Loan_id,Amount) VALUES (12,30, 1871.89 );
INSERT INTO Loan_provider_branch (FK_Branch_id,FK_Loan_id,Amount) VALUES (71,24, 7778.60 );
INSERT INTO Loan_provider_branch (FK_Branch_id,FK_Loan_id,Amount) VALUES (11,8, 7657.67 );
INSERT INTO Loan_provider_branch (FK_Branch_id,FK_Loan_id,Amount) VALUES (70,72, 1264.13 );
INSERT INTO Loan_provider_branch (FK_Branch_id,FK_Loan_id,Amount) VALUES (46,72, 6435.04 );
INSERT INTO Loan_provider_branch (FK_Branch_id,FK_Loan_id,Amount) VALUES (84,82, 7009.61 );


INSERT INTO Borrow (FK_Loan_id,FK_customer_id) VALUES (94,46);
INSERT INTO Borrow (FK_Loan_id,FK_customer_id) VALUES (94,71);
INSERT INTO Borrow (FK_Loan_id,FK_customer_id) VALUES (34,86);
INSERT INTO Borrow (FK_Loan_id,FK_customer_id) VALUES (70,10);
INSERT INTO Borrow (FK_Loan_id,FK_customer_id) VALUES (29,22);
INSERT INTO Borrow (FK_Loan_id,FK_customer_id) VALUES (42,16);
INSERT INTO Borrow (FK_Loan_id,FK_customer_id) VALUES (45,91);
INSERT INTO Borrow (FK_Loan_id,FK_customer_id) VALUES (88,76);
INSERT INTO Borrow (FK_Loan_id,FK_customer_id) VALUES (61,16);
INSERT INTO Borrow (FK_Loan_id,FK_customer_id) VALUES (11,18);
INSERT INTO Borrow (FK_Loan_id,FK_customer_id) VALUES (74,47);
INSERT INTO Borrow (FK_Loan_id,FK_customer_id) VALUES (6,36);
INSERT INTO Borrow (FK_Loan_id,FK_customer_id) VALUES (79,32);
INSERT INTO Borrow (FK_Loan_id,FK_customer_id) VALUES (59,17);
INSERT INTO Borrow (FK_Loan_id,FK_customer_id) VALUES (83,43);
INSERT INTO Borrow (FK_Loan_id,FK_customer_id) VALUES (9,93);
INSERT INTO Borrow (FK_Loan_id,FK_customer_id) VALUES (34,95);
INSERT INTO Borrow (FK_Loan_id,FK_customer_id) VALUES (43,100);
INSERT INTO Borrow (FK_Loan_id,FK_customer_id) VALUES (79,25);
INSERT INTO Borrow (FK_Loan_id,FK_customer_id) VALUES (86,65);
INSERT INTO Borrow (FK_Loan_id,FK_customer_id) VALUES (47,10);
INSERT INTO Borrow (FK_Loan_id,FK_customer_id) VALUES (6,92);
INSERT INTO Borrow (FK_Loan_id,FK_customer_id) VALUES (11,62);
INSERT INTO Borrow (FK_Loan_id,FK_customer_id) VALUES (38,91);
INSERT INTO Borrow (FK_Loan_id,FK_customer_id) VALUES (23,49);
INSERT INTO Borrow (FK_Loan_id,FK_customer_id) VALUES (79,93);
INSERT INTO Borrow (FK_Loan_id,FK_customer_id) VALUES (25,50);
INSERT INTO Borrow (FK_Loan_id,FK_customer_id) VALUES (2,21);
INSERT INTO Borrow (FK_Loan_id,FK_customer_id) VALUES (17,14);
INSERT INTO Borrow (FK_Loan_id,FK_customer_id) VALUES (9,37);
INSERT INTO Borrow (FK_Loan_id,FK_customer_id) VALUES (67,6);
INSERT INTO Borrow (FK_Loan_id,FK_customer_id) VALUES (57,59);
INSERT INTO Borrow (FK_Loan_id,FK_customer_id) VALUES (75,30);
INSERT INTO Borrow (FK_Loan_id,FK_customer_id) VALUES (19,70);
INSERT INTO Borrow (FK_Loan_id,FK_customer_id) VALUES (13,47);
INSERT INTO Borrow (FK_Loan_id,FK_customer_id) VALUES (75,5);
INSERT INTO Borrow (FK_Loan_id,FK_customer_id) VALUES (96,74);
INSERT INTO Borrow (FK_Loan_id,FK_customer_id) VALUES (26,66);
INSERT INTO Borrow (FK_Loan_id,FK_customer_id) VALUES (98,94);
INSERT INTO Borrow (FK_Loan_id,FK_customer_id) VALUES (80,61);
INSERT INTO Borrow (FK_Loan_id,FK_customer_id) VALUES (8,58);
INSERT INTO Borrow (FK_Loan_id,FK_customer_id) VALUES (77,94);
INSERT INTO Borrow (FK_Loan_id,FK_customer_id) VALUES (83,72);
INSERT INTO Borrow (FK_Loan_id,FK_customer_id) VALUES (9,56);
INSERT INTO Borrow (FK_Loan_id,FK_customer_id) VALUES (45,83);
INSERT INTO Borrow (FK_Loan_id,FK_customer_id) VALUES (77,17);
INSERT INTO Borrow (FK_Loan_id,FK_customer_id) VALUES (23,91);
INSERT INTO Borrow (FK_Loan_id,FK_customer_id) VALUES (5,11);
INSERT INTO Borrow (FK_Loan_id,FK_customer_id) VALUES (63,22);
INSERT INTO Borrow (FK_Loan_id,FK_customer_id) VALUES (78,15);
INSERT INTO Borrow (FK_Loan_id,FK_customer_id) VALUES (48,28);
INSERT INTO Borrow (FK_Loan_id,FK_customer_id) VALUES (19,36);
INSERT INTO Borrow (FK_Loan_id,FK_customer_id) VALUES (100,8);
INSERT INTO Borrow (FK_Loan_id,FK_customer_id) VALUES (50,69);
INSERT INTO Borrow (FK_Loan_id,FK_customer_id) VALUES (68,74);
INSERT INTO Borrow (FK_Loan_id,FK_customer_id) VALUES (12,76);
INSERT INTO Borrow (FK_Loan_id,FK_customer_id) VALUES (93,86);
INSERT INTO Borrow (FK_Loan_id,FK_customer_id) VALUES (87,76);
INSERT INTO Borrow (FK_Loan_id,FK_customer_id) VALUES (15,99);
INSERT INTO Borrow (FK_Loan_id,FK_customer_id) VALUES (9,75);
INSERT INTO Borrow (FK_Loan_id,FK_customer_id) VALUES (37,79);
INSERT INTO Borrow (FK_Loan_id,FK_customer_id) VALUES (66,75);
INSERT INTO Borrow (FK_Loan_id,FK_customer_id) VALUES (50,13);
INSERT INTO Borrow (FK_Loan_id,FK_customer_id) VALUES (62,53);
INSERT INTO Borrow (FK_Loan_id,FK_customer_id) VALUES (65,99);
INSERT INTO Borrow (FK_Loan_id,FK_customer_id) VALUES (69,32);
INSERT INTO Borrow (FK_Loan_id,FK_customer_id) VALUES (91,18);
INSERT INTO Borrow (FK_Loan_id,FK_customer_id) VALUES (26,50);
INSERT INTO Borrow (FK_Loan_id,FK_customer_id) VALUES (30,75);
INSERT INTO Borrow (FK_Loan_id,FK_customer_id) VALUES (31,63);
INSERT INTO Borrow (FK_Loan_id,FK_customer_id) VALUES (64,21);
INSERT INTO Borrow (FK_Loan_id,FK_customer_id) VALUES (85,71);
INSERT INTO Borrow (FK_Loan_id,FK_customer_id) VALUES (54,15);
INSERT INTO Borrow (FK_Loan_id,FK_customer_id) VALUES (41,37);
INSERT INTO Borrow (FK_Loan_id,FK_customer_id) VALUES (74,98);
INSERT INTO Borrow (FK_Loan_id,FK_customer_id) VALUES (40,46);
INSERT INTO Borrow (FK_Loan_id,FK_customer_id) VALUES (22,29);
INSERT INTO Borrow (FK_Loan_id,FK_customer_id) VALUES (17,13);
INSERT INTO Borrow (FK_Loan_id,FK_customer_id) VALUES (68,11);
INSERT INTO Borrow (FK_Loan_id,FK_customer_id) VALUES (32,27);
INSERT INTO Borrow (FK_Loan_id,FK_customer_id) VALUES (30,17);
INSERT INTO Borrow (FK_Loan_id,FK_customer_id) VALUES (54,58);
INSERT INTO Borrow (FK_Loan_id,FK_customer_id) VALUES (68,49);
INSERT INTO Borrow (FK_Loan_id,FK_customer_id) VALUES (67,77);
INSERT INTO Borrow (FK_Loan_id,FK_customer_id) VALUES (81,81);
INSERT INTO Borrow (FK_Loan_id,FK_customer_id) VALUES (23,82);
INSERT INTO Borrow (FK_Loan_id,FK_customer_id) VALUES (57,2);
INSERT INTO Borrow (FK_Loan_id,FK_customer_id) VALUES (5,2);
INSERT INTO Borrow (FK_Loan_id,FK_customer_id) VALUES (90,27);
INSERT INTO Borrow (FK_Loan_id,FK_customer_id) VALUES (52,24);
INSERT INTO Borrow (FK_Loan_id,FK_customer_id) VALUES (11,36);
INSERT INTO Borrow (FK_Loan_id,FK_customer_id) VALUES (82,77);
INSERT INTO Borrow (FK_Loan_id,FK_customer_id) VALUES (97,24);
INSERT INTO Borrow (FK_Loan_id,FK_customer_id) VALUES (27,55);
INSERT INTO Borrow (FK_Loan_id,FK_customer_id) VALUES (10,98);
INSERT INTO Borrow (FK_Loan_id,FK_customer_id) VALUES (18,27);
INSERT INTO Borrow (FK_Loan_id,FK_customer_id) VALUES (84,66);
INSERT INTO Borrow (FK_Loan_id,FK_customer_id) VALUES (26,96);
INSERT INTO Borrow (FK_Loan_id,FK_customer_id) VALUES (74,18);
INSERT INTO Borrow (FK_Loan_id,FK_customer_id) VALUES (84,60);


INSERT INTO Loan_payment_pending (FK_Loan_id,FK_customer_id,Amount) VALUES (71,48, 5877 );
INSERT INTO Loan_payment_pending (FK_Loan_id,FK_customer_id,Amount) VALUES (33,2, 6579 );
INSERT INTO Loan_payment_pending (FK_Loan_id,FK_customer_id,Amount) VALUES (73,98, 5294 );
INSERT INTO Loan_payment_pending (FK_Loan_id,FK_customer_id,Amount) VALUES (19,57, 8791 );
INSERT INTO Loan_payment_pending (FK_Loan_id,FK_customer_id,Amount) VALUES (18,38, 6705 );
INSERT INTO Loan_payment_pending (FK_Loan_id,FK_customer_id,Amount) VALUES (47,88, 9971 );
INSERT INTO Loan_payment_pending (FK_Loan_id,FK_customer_id,Amount) VALUES (23,20, 7943 );
INSERT INTO Loan_payment_pending (FK_Loan_id,FK_customer_id,Amount) VALUES (97,8, 7191 );
INSERT INTO Loan_payment_pending (FK_Loan_id,FK_customer_id,Amount) VALUES (8,55, 6766 );
INSERT INTO Loan_payment_pending (FK_Loan_id,FK_customer_id,Amount) VALUES (77,38, 8422 );
INSERT INTO Loan_payment_pending (FK_Loan_id,FK_customer_id,Amount) VALUES (52,71, 8695 );
INSERT INTO Loan_payment_pending (FK_Loan_id,FK_customer_id,Amount) VALUES (61,55, 8596 );
INSERT INTO Loan_payment_pending (FK_Loan_id,FK_customer_id,Amount) VALUES (79,91, 7469 );
INSERT INTO Loan_payment_pending (FK_Loan_id,FK_customer_id,Amount) VALUES (91,41, 6655 );
INSERT INTO Loan_payment_pending (FK_Loan_id,FK_customer_id,Amount) VALUES (30,17, 6298 );
INSERT INTO Loan_payment_pending (FK_Loan_id,FK_customer_id,Amount) VALUES (53,86, 9502 );
INSERT INTO Loan_payment_pending (FK_Loan_id,FK_customer_id,Amount) VALUES (56,28, 7184 );
INSERT INTO Loan_payment_pending (FK_Loan_id,FK_customer_id,Amount) VALUES (63,88, 6067 );
INSERT INTO Loan_payment_pending (FK_Loan_id,FK_customer_id,Amount) VALUES (38,72, 9593 );
INSERT INTO Loan_payment_pending (FK_Loan_id,FK_customer_id,Amount) VALUES (35,99, 7621 );
INSERT INTO Loan_payment_pending (FK_Loan_id,FK_customer_id,Amount) VALUES (68,85, 8972 );





INSERT INTO Money_deposit (FK_customer_id,FK_Account_number,FK_Account_type,Deposit_amount) VALUES (88,"5257619508094758","Chequing ",1000);
INSERT INTO Money_deposit (FK_customer_id,FK_Account_number,FK_Account_type,Deposit_amount) VALUES (91,"5448722843004308","Chequing ",100.56);
INSERT INTO Money_deposit (FK_customer_id,FK_Account_number,FK_Account_type,Deposit_amount) VALUES (80,"5325797069798682","Chequing ",440);
INSERT INTO Money_deposit (FK_customer_id,FK_Account_number,FK_Account_type,Deposit_amount) VALUES (41,"5131618693076903","Chequing ",154);
INSERT INTO Money_deposit (FK_customer_id,FK_Account_number,FK_Account_type,Deposit_amount) VALUES (59,"5514915797496509","Chequing ",789);
INSERT INTO Money_deposit (FK_customer_id,FK_Account_number,FK_Account_type,Deposit_amount) VALUES (47,"5211829113115006","Chequing ",10000);
INSERT INTO Money_deposit (FK_customer_id,FK_Account_number,FK_Account_type,Deposit_amount) VALUES (66,"5580092996377291","Chequing ",2555);
INSERT INTO Money_deposit (FK_customer_id,FK_Account_number,FK_Account_type,Deposit_amount) VALUES (86,"5440506181877963","Chequing ",15);
INSERT INTO Money_deposit (FK_customer_id,FK_Account_number,FK_Account_type,Deposit_amount) VALUES (37,"5493238886007417","Saving ",20000);
INSERT INTO Money_deposit (FK_customer_id,FK_Account_number,FK_Account_type,Deposit_amount) VALUES (35,"5477274730634981","Saving ",1500);
INSERT INTO Money_deposit (FK_customer_id,FK_Account_number,FK_Account_type,Deposit_amount) VALUES (72,"5186172962170637","Saving ",2000);
INSERT INTO Money_deposit (FK_customer_id,FK_Account_number,FK_Account_type,Deposit_amount) VALUES (38,"5339428975395025","Saving ",6000);
INSERT INTO Money_deposit (FK_customer_id,FK_Account_number,FK_Account_type,Deposit_amount) VALUES (76,"5257640893320228","Saving ",5869);
INSERT INTO Money_deposit (FK_customer_id,FK_Account_number,FK_Account_type,Deposit_amount) VALUES (8,"5598456320094791","Saving ",1598);
INSERT INTO Money_deposit (FK_customer_id,FK_Account_number,FK_Account_type,Deposit_amount) VALUES (90,"5336755437143780","Saving ",5000);
INSERT INTO Money_deposit (FK_customer_id,FK_Account_number,FK_Account_type,Deposit_amount) VALUES (3,"5452579693905239","Saving ",5800);


INSERT INTO Has_credit_card (FK_Account_number,FK_credit_card_number) VALUES ("5257619508094758","3586301926207224");
INSERT INTO Has_credit_card (FK_Account_number,FK_credit_card_number) VALUES ("5448722843004308","67617959606641786");
INSERT INTO Has_credit_card (FK_Account_number,FK_credit_card_number) VALUES ("5325797069798682","490515825869031147");
INSERT INTO Has_credit_card (FK_Account_number,FK_credit_card_number) VALUES ("5131618693076903","3556893962769501");
INSERT INTO Has_credit_card (FK_Account_number,FK_credit_card_number) VALUES ("5514915797496509","3589578505964666");
INSERT INTO Has_credit_card (FK_Account_number,FK_credit_card_number) VALUES ("5211829113115006","343670955216284");
INSERT INTO Has_credit_card (FK_Account_number,FK_credit_card_number) VALUES ("5580092996377291","5020494330939071889");
INSERT INTO Has_credit_card (FK_Account_number,FK_credit_card_number) VALUES ("5440506181877963","5610370253777513001");
INSERT INTO Has_credit_card (FK_Account_number,FK_credit_card_number) VALUES ("5493238886007417","3538705184808490");
INSERT INTO Has_credit_card (FK_Account_number,FK_credit_card_number) VALUES ("5477274730634981","3551987339912821");
INSERT INTO Has_credit_card (FK_Account_number,FK_credit_card_number) VALUES ("5186172962170637","3575951942030712");
INSERT INTO Has_credit_card (FK_Account_number,FK_credit_card_number) VALUES ("5339428975395025","3589072131583041");
INSERT INTO Has_credit_card (FK_Account_number,FK_credit_card_number) VALUES ("5257640893320228","3581708427862247");
INSERT INTO Has_credit_card (FK_Account_number,FK_credit_card_number) VALUES ("5598456320094791","3539199550287415");
INSERT INTO Has_credit_card (FK_Account_number,FK_credit_card_number) VALUES ("5336755437143780","374622671625316");
INSERT INTO Has_credit_card (FK_Account_number,FK_credit_card_number) VALUES ("5452579693905239","3550367664973030");


INSERT INTO Has_account (FK_Account_number,FK_customer_id ) VALUES ("5112293069621998",1);
INSERT INTO Has_account (FK_Account_number,FK_customer_id ) VALUES ("5131618693076903",2);
INSERT INTO Has_account (FK_Account_number,FK_customer_id ) VALUES ("5165905942899147",3);
INSERT INTO Has_account (FK_Account_number,FK_customer_id ) VALUES ("5171679546098461",4);
INSERT INTO Has_account (FK_Account_number,FK_customer_id ) VALUES ("5185388255494820",5);
INSERT INTO Has_account (FK_Account_number,FK_customer_id ) VALUES ("5186172962170637",6);
INSERT INTO Has_account (FK_Account_number,FK_customer_id ) VALUES ("5211829113115006",7);
INSERT INTO Has_account (FK_Account_number,FK_customer_id ) VALUES ("5238660820111734",8);
INSERT INTO Has_account (FK_Account_number,FK_customer_id ) VALUES ("5257619508094758",9);
INSERT INTO Has_account (FK_Account_number,FK_customer_id ) VALUES ("5257640893320228",10);
INSERT INTO Has_account (FK_Account_number,FK_customer_id ) VALUES ("5258178281457707",11);
INSERT INTO Has_account (FK_Account_number,FK_customer_id ) VALUES ("5269073405464068",12);
INSERT INTO Has_account (FK_Account_number,FK_customer_id ) VALUES ("5270182139166050",13);
INSERT INTO Has_account (FK_Account_number,FK_customer_id ) VALUES ("5272090717211446",14);
INSERT INTO Has_account (FK_Account_number,FK_customer_id ) VALUES ("5325797069798682",15);
INSERT INTO Has_account (FK_Account_number,FK_customer_id ) VALUES ("5326513173978840",16);
INSERT INTO Has_account (FK_Account_number,FK_customer_id ) VALUES ("5336755437143780",17);
INSERT INTO Has_account (FK_Account_number,FK_customer_id ) VALUES ("5339428975395025",18);
INSERT INTO Has_account (FK_Account_number,FK_customer_id ) VALUES ("5361298637014285",19);
INSERT INTO Has_account (FK_Account_number,FK_customer_id ) VALUES ("5362307999630064",20);
INSERT INTO Has_account (FK_Account_number,FK_customer_id ) VALUES ("5371077210374524",21);
INSERT INTO Has_account (FK_Account_number,FK_customer_id ) VALUES ("5371847649446857",22);
INSERT INTO Has_account (FK_Account_number,FK_customer_id ) VALUES ("5379443865185007",23);
INSERT INTO Has_account (FK_Account_number,FK_customer_id ) VALUES ("5379994349182416",24);
INSERT INTO Has_account (FK_Account_number,FK_customer_id ) VALUES ("5404736313908725",25);
INSERT INTO Has_account (FK_Account_number,FK_customer_id ) VALUES ("5406970127950635",26);
INSERT INTO Has_account (FK_Account_number,FK_customer_id ) VALUES ("5407305778513474",26);
INSERT INTO Has_account (FK_Account_number,FK_customer_id ) VALUES ("5417836731474162",27);
INSERT INTO Has_account (FK_Account_number,FK_customer_id ) VALUES ("5440506181877963",28);
INSERT INTO Has_account (FK_Account_number,FK_customer_id ) VALUES ("5448722843004308",29);
INSERT INTO Has_account (FK_Account_number,FK_customer_id ) VALUES ("5452579693905239",30);
INSERT INTO Has_account (FK_Account_number,FK_customer_id ) VALUES ("5453753864959395",31);
INSERT INTO Has_account (FK_Account_number,FK_customer_id ) VALUES ("5454561933105513",32);
INSERT INTO Has_account (FK_Account_number,FK_customer_id ) VALUES ("5470726809308786",33);
INSERT INTO Has_account (FK_Account_number,FK_customer_id ) VALUES ("5476979403273955",34);
INSERT INTO Has_account (FK_Account_number,FK_customer_id ) VALUES ("5477274730634981",35);
INSERT INTO Has_account (FK_Account_number,FK_customer_id ) VALUES ("5482663842918246",36);
INSERT INTO Has_account (FK_Account_number,FK_customer_id ) VALUES ("5490632149342012",37);
INSERT INTO Has_account (FK_Account_number,FK_customer_id ) VALUES ("5493238886007417",38);
INSERT INTO Has_account (FK_Account_number,FK_customer_id ) VALUES ("5500850381326307",39);
INSERT INTO Has_account (FK_Account_number,FK_customer_id ) VALUES ("5506758464635748",40);
INSERT INTO Has_account (FK_Account_number,FK_customer_id ) VALUES ("5509802212238137",41);
INSERT INTO Has_account (FK_Account_number,FK_customer_id ) VALUES ("5512310122396529",42);
INSERT INTO Has_account (FK_Account_number,FK_customer_id ) VALUES ("5514915797496509",43);
INSERT INTO Has_account (FK_Account_number,FK_customer_id ) VALUES ("5530631643512775",44);
INSERT INTO Has_account (FK_Account_number,FK_customer_id ) VALUES ("5531309661022311",45);
INSERT INTO Has_account (FK_Account_number,FK_customer_id ) VALUES ("5561170474212488",46);
INSERT INTO Has_account (FK_Account_number,FK_customer_id ) VALUES ("5580092996377291",47);
INSERT INTO Has_account (FK_Account_number,FK_customer_id ) VALUES ("5581858781381055",48);
INSERT INTO Has_account (FK_Account_number,FK_customer_id ) VALUES ("5598456320094791",49);


